-- MySQL dump 10.16  Distrib 10.1.18-MariaDB, for Win64 (AMD64)
--
-- Host: 192.168.123.52    Database: stock_db
-- ------------------------------------------------------
-- Server version	10.1.18-MariaDB

/*!40101 SET @OLD_CHARACTER_SET_CLIENT=@@CHARACTER_SET_CLIENT */;
/*!40101 SET @OLD_CHARACTER_SET_RESULTS=@@CHARACTER_SET_RESULTS */;
/*!40101 SET @OLD_COLLATION_CONNECTION=@@COLLATION_CONNECTION */;
/*!40101 SET NAMES utf8 */;
/*!40103 SET @OLD_TIME_ZONE=@@TIME_ZONE */;
/*!40103 SET TIME_ZONE='+00:00' */;
/*!40014 SET @OLD_UNIQUE_CHECKS=@@UNIQUE_CHECKS, UNIQUE_CHECKS=0 */;
/*!40014 SET @OLD_FOREIGN_KEY_CHECKS=@@FOREIGN_KEY_CHECKS, FOREIGN_KEY_CHECKS=0 */;
/*!40101 SET @OLD_SQL_MODE=@@SQL_MODE, SQL_MODE='NO_AUTO_VALUE_ON_ZERO' */;
/*!40111 SET @OLD_SQL_NOTES=@@SQL_NOTES, SQL_NOTES=0 */;

--
-- Table structure for table `c_stock`
--

DROP TABLE IF EXISTS `c_stock`;
/*!40101 SET @saved_cs_client     = @@character_set_client */;
/*!40101 SET character_set_client = utf8 */;
CREATE TABLE `c_stock` (
  `ITEM_CODE` char(50) NOT NULL,
  `ITEM_NAME` char(50) NOT NULL,
  `MODEL_NUMBER` varchar(50) DEFAULT NULL,
  `MODEL_NAME` varchar(50) DEFAULT NULL,
  `ITEM_NEW_COUNT` bigint(20) unsigned DEFAULT '0',
  `ITEM_REFURBISH_COUNT` bigint(20) unsigned DEFAULT '0',
  `ITEM_REPAIR_COUNT` bigint(20) unsigned DEFAULT '0',
  `ITEM_TOTAL_COUNT` bigint(20) unsigned DEFAULT '0',
  `ITEM_DESCRIPTION` varchar(300) DEFAULT NULL,
  `USE_YN` int(1) unsigned zerofill DEFAULT '1',
  PRIMARY KEY (`ITEM_CODE`)
) ENGINE=InnoDB DEFAULT CHARSET=utf8;
/*!40101 SET character_set_client = @saved_cs_client */;

--
-- Dumping data for table `c_stock`
--

LOCK TABLES `c_stock` WRITE;
/*!40000 ALTER TABLE `c_stock` DISABLE KEYS */;
INSERT INTO `c_stock` VALUES ('A-001','적외선IP외곽카메라','(null)','(null)',23,0,0,0,'(null)',1),('A-002','적외선IP돔카메라','(null)','(null)',23,0,0,0,'(null)',1),('A-003','40M적외선IP외곽카메라','(null)','(null)',3,0,0,0,'(null)',1),('A-004','돔브라켓','(null)','(null)',10,0,NULL,0,'(null)',1),('A-005','싸이렌경광등','(null)','(null)',1,0,NULL,0,'(null)',1),('A-006','투광등','(null)','(null)',7,0,NULL,0,'(null)',1),('A-007','재실감지기','(null)','(null)',3,0,NULL,0,'(null)',1),('A-008','L2스위치(넷기어)','(null)','(null)',2,0,NULL,0,'(null)',1),('A-009','L2스위치(솔텍)','(null)','(null)',0,0,NULL,0,'(null)',1),('A-010','광컨버터싱글100메가','(null)','(null)',0,0,NULL,0,'(null)',1),('A-011','광컨버터싱글기가','(null)','(null)',4,0,NULL,0,'(null)',1),('A-012','UPS','(null)','(null)',0,0,NULL,0,'(null)',1),('A-013','렉','(null)','(null)',0,0,NULL,0,'(null)',1),('A-014','불꽃감지기','(null)','(null)',0,0,0,0,'(null)',1),('A-015','49인치모니터','(null)','(null)',0,0,NULL,0,'(null)',1),('A-016','22인치터치모니터','(null)','(null)',0,0,NULL,0,'(null)',1),('A-017','복합디텍터','(null)','(null)',5,0,NULL,0,'(null)',1),('A-018','전각출입표시기','(null)','(null)',7,0,NULL,0,'(null)',1),('A-019','아답터(24V1A)','(null)','(null)',2,0,NULL,0,'(null)',1),('A-020','아답터(12V2.5A)','(null)','(null)',24,0,NULL,0,'(null)',1),('A-021','아답터(12V1.5A)','(null)','(null)',27,0,0,0,'(null)',1),('A-022','5포트허브','(null)','(null)',13,0,0,0,'(null)',1),('A-023','8포트허브','(null)','(null)',14,0,NULL,0,'(null)',1),('A-024','공유기','(null)','(null)',6,0,NULL,0,'(null)',1),('A-025','스피커','(null)','(null)',13,0,NULL,0,'(null)',1),('A-026','안내표지판','(null)','(null)',20,0,NULL,0,'(null)',1),('A-027','무선안테나','(null)','(null)',1,0,NULL,0,'(null)',1),('A-028','적외선외곽카메라','MNC328BRZ','(null)',1,0,NULL,0,'(null)',1),('A-029','광모듈','(null)','(null)',0,0,NULL,0,'(null)',1),('A-030','분전반통신모듈','(null)','(null)',12,0,NULL,0,'(null)',1),('A-031','L2광스위치(8포트)','(null)','(null)',2,0,NULL,0,'(null)',1),('A-032','NVR서버','(null)','(null)',2,0,NULL,0,'(null)',1),('A-033','지능형서버','(null)','(null)',2,0,NULL,0,'(null)',1),('A-034','DVR','(null)','(null)',0,0,NULL,0,'(null)',1),('A-035','삼성돔카메라','(null)','(null)',0,0,NULL,0,'(null)',1),('A-036','삼성외곽카메라','(null)','(null)',0,0,NULL,0,'(null)',1),('A-037','24인치모니터','(null)','(null)',0,0,NULL,0,'(null)',1),('A-038','43인치모니터','(null)','(null)',0,0,NULL,0,'(null)',1),('A-039','벽부형브라켓','(null)','(null)',0,0,NULL,0,'(null)',1),('A-040','스탠드형브라켓','(null)','(null)',0,0,NULL,0,'(null)',1),('A-041','poe4포트허브','(null)','(null)',2,0,NULL,0,'(null)',1),('A-042','아이디스sw16ch','(null)','(null)',1,0,NULL,0,'(null)',1),('A-043','아이디스sw32ch','(null)','(null)',3,0,NULL,0,'(null)',1),('A-044','키브sw','(null)','(null)',0,0,NULL,0,'(null)',1),('A-045','폴3M','(null)','(null)',0,0,NULL,0,'(null)',1),('A-046','암대','(null)','(null)',0,0,NULL,0,'(null)',1),('A-047','각도기','(null)','(null)',0,0,NULL,0,'(null)',1),('A-048','앙카캡','(null)','(null)',0,0,NULL,0,'(null)',1),('A-049','함체','(null)','(null)',0,0,NULL,0,'(null)',1),('A-050','폴배송','(null)','(null)',0,0,NULL,0,'(null)',1),('A-051','분전반4채널','(null)','(null)',0,0,NULL,0,'(null)',1),('A-052','분전반8채널','(null)','(null)',1,0,NULL,0,'(null)',1),('A-053','분전반10채널','(null)','(null)',5,0,NULL,0,'(null)',1),('A-054','분전반12채널','(null)','(null)',1,0,NULL,0,'(null)',1),('A-055','분전반14채널','(null)','(null)',0,0,NULL,0,'(null)',1),('A-056','분전반16채널','(null)','(null)',0,0,NULL,0,'(null)',1),('A-057','분전반20채널','(null)','(null)',0,0,NULL,0,'(null)',1),('A-058','분전반24채널','(null)','(null)',0,0,NULL,0,'(null)',1),('A-059','HDMI-IP리피터','(null)','(null)',0,0,NULL,0,'(null)',1),('A-060','HDMI리피터','(null)','(null)',0,0,NULL,0,'(null)',1),('A-061','잡자재','(null)','(null)',0,0,NULL,0,'(null)',1),('A-062','그래픽카드','(null)','(null)',2,0,NULL,0,'(null)',1),('A-063','HDD','(null)','(null)',1,0,0,0,'(null)',1),('A-064','RAM','(null)','(null)',1,0,NULL,0,'(null)',1),('A-065','NVR16CH','(null)','(null)',0,0,NULL,0,'(null)',1),('A-066','22인치모니터','(null)','(null)',0,0,NULL,0,'(null)',1),('A-067','Poe8포트허브','(null)','(null)',2,0,NULL,0,'(null)',1),('A-068','전력공급장치','(null)','(null)',0,0,NULL,0,'(null)',1),('A-069','Poe스위치','(null)','(null)',0,0,NULL,0,'(null)',1),('A-070','카메라투광기','TD-IR08','(null)',10,0,NULL,0,'(null)',1),('A-071','POE인젝터','(null)','(null)',10,0,0,0,'(null)',1),('A-072','32인치모니터','(null)','(null)',0,0,0,0,'(null)',1),('A-073','L2스위치(POE24400W)','(null)','(null)',0,0,1,0,'(null)',1),('A-074','test','(null)','(null)',0,0,0,0,'(null)',1),('A-075','분전반12채널(3상)','(null)','(null)',0,0,0,0,'(null)',1);
/*!40000 ALTER TABLE `c_stock` ENABLE KEYS */;
UNLOCK TABLES;

--
-- Table structure for table `h_receive`
--

DROP TABLE IF EXISTS `h_receive`;
/*!40101 SET @saved_cs_client     = @@character_set_client */;
/*!40101 SET character_set_client = utf8 */;
CREATE TABLE `h_receive` (
  `REG_DATE` datetime NOT NULL,
  `SITE_ID` char(50) DEFAULT NULL,
  `ITEM_CODE` char(50) NOT NULL,
  `ITEM_NAME` char(50) NOT NULL,
  `ITEM_KIND` int(1) unsigned zerofill NOT NULL COMMENT '0:새제품, 1:리퍼제품',
  `ITEM_SHOP` char(50) DEFAULT NULL,
  `RECEIVE_UNIT_PRICE` varchar(50) NOT NULL,
  `RECEIVE_UNIT_COUNT` int(11) unsigned NOT NULL,
  `USER_NAME` char(50) NOT NULL,
  `DESCRIPTION` varchar(50) NOT NULL,
  `RECEIVE_ALL_PRICE` varchar(50) NOT NULL,
  PRIMARY KEY (`ITEM_CODE`,`REG_DATE`)
) ENGINE=InnoDB DEFAULT CHARSET=utf8;
/*!40101 SET character_set_client = @saved_cs_client */;

--
-- Dumping data for table `h_receive`
--

LOCK TABLES `h_receive` WRITE;
/*!40000 ALTER TABLE `h_receive` DISABLE KEYS */;
INSERT INTO `h_receive` VALUES ('2019-01-02 18:05:21','미정(예비용품)','A-001','적외선IP외곽카메라',0,'(null)','150,000',28,'관리자','초기재고','4,200,000'),('2019-04-04 16:52:20','약수암(전주)','A-001','적외선IP외곽카메라',0,'(null)','125,000',5,'관리자','전주 약수암 신규구축','625,000'),('2019-04-12 17:05:42','약수암(전주)','A-001','적외선IP외곽카메라',0,'(null)','125,000',1,'관리자','전주 약수암 신규구축','125,000'),('2019-04-19 17:16:39','서천사(평택)','A-001','적외선IP외곽카메라',0,'(null)','125,000',14,'관리자','평택 서천사 신규구축','1,750,000'),('2019-05-15 18:00:59','봉림사(화성)','A-001','적외선IP외곽카메라',0,'(null)','125,000',15,'옥정경','화성 봉림사 신규구축','1,875,000'),('2019-05-21 17:26:36','흥왕사(여주)','A-001','적외선IP외곽카메라',0,'(null)','125,000',13,'옥정경','여주 흥왕사 신규구축','1,625,000'),('2019-05-30 17:58:34','복천사(제천)','A-001','적외선IP외곽카메라',0,'(null)','125,000',11,'옥정경','제천 복천사 신규구축','1,375,000'),('2019-01-02 18:07:20','미정(예비용품)','A-002','적외선IP돔카메라',0,'(null)','320,000',16,'관리자','초기재고','5,120,000'),('2019-01-28 16:18:21','봉국사(성남)','A-002','적외선IP돔카메라',0,'(null)','125,000',4,'관리자','성남 봉국사 유지보수','500,000'),('2019-03-06 16:26:41','불갑사(영광)','A-002','적외선IP돔카메라',0,'(null)','170,000',16,'관리자','영광 불갑사 신규구축','2,720,000'),('2019-03-14 16:35:32','옥천암(서대문)','A-002','적외선IP돔카메라',0,'(null)','73,636',1,'관리자','서대문 옥천암 하자보수','73,636'),('2019-04-04 16:51:53','약수암(전주)','A-002','적외선IP돔카메라',0,'(null)','125,000',2,'관리자','전주 약수암 신규구축','250,000'),('2019-04-10 17:03:55','약수암(전주)','A-002','적외선IP돔카메라',0,'(null)','125,000',1,'관리자','전주 약수암 신규구축','125,000'),('2019-04-19 17:16:06','서천사(평택)','A-002','적외선IP돔카메라',0,'(null)','125,000',4,'관리자','평택 서천사 신규구축','500,000'),('2019-05-15 18:01:36','봉림사(화성)','A-002','적외선IP돔카메라',0,'(null)','125,000',4,'옥정경','화성 봉림사 신규구축','500,000'),('2019-05-21 17:26:36','흥왕사(여주)','A-002','적외선IP돔카메라',0,'(null)','125,000',5,'옥정경','여주 흥왕사 신규구축','625,000'),('2019-05-30 17:58:34','복천사(제천)','A-002','적외선IP돔카메라',0,'(null)','125,000',9,'옥정경','제천 복천사 신규구축','1,125,000'),('2019-01-02 18:08:09','미정(예비용품)','A-003','40M적외선IP외곽카메라',0,'(null)','390,000',3,'관리자','초기재고','1,170,000'),('2019-01-02 18:09:05','미정(예비용품)','A-004','돔브라켓',0,'(null)','3,000',4,'관리자','초기재고','12,000'),('2019-01-10 16:07:06','정법사(성북)','A-004','돔브라켓',0,'(null)','3,000',5,'관리자','성북 정법사 유지보수','15,000'),('2019-04-19 17:21:23','서천사(평택)','A-004','돔브라켓',0,'(null)','3,000',4,'관리자','평택 서천사 신규구축','12,000'),('2019-05-21 09:48:10','봉림사(화성)','A-004','돔브라켓',0,'(null)','3,000',4,'옥정경','화성 봉림사 신규구축','12,000'),('2019-05-21 10:00:44','흥왕사(여주)','A-004','돔브라켓',0,'(null)','3,000',5,'옥정경','여주 흥왕사 신규구축','15,000'),('2019-05-30 17:31:35','복천사(제천)','A-004','돔브라켓',0,'(null)','3,000',9,'옥정경','(null)','27,000'),('2019-01-02 18:09:35','미정(예비용품)','A-005','싸이렌경광등',0,'(null)','20,000',4,'관리자','초기재고','80,000'),('2019-05-30 17:31:35','복천사(제천)','A-005','싸이렌경광등',0,'(null)','20,000',1,'옥정경','(null)','20,000'),('2019-01-02 18:09:58','미정(예비용품)','A-006','투광기',0,'(null)','28,000',11,'관리자','초기재고','308,000'),('2019-01-02 18:10:17','미정(예비용품)','A-007','재실감지기',0,'(null)','15,000',3,'관리자','초기재고','45,000'),('2019-04-19 17:21:53','서천사(평택)','A-007','재실감지기',0,'(null)','15,000',2,'관리자','평택 서천사 신규구축','30,000'),('2019-05-21 09:48:10','봉림사(화성)','A-007','재실감지기',0,'(null)','15,000',2,'옥정경','화성 봉림사 신규구축','30,000'),('2019-05-21 10:00:44','흥왕사(여주)','A-007','재실감지기',0,'(null)','15,000',2,'옥정경','여주 흥왕사 신규구축','30,000'),('2019-05-30 17:31:35','복천사(제천)','A-007','재실감지기',0,'(null)','15,000',2,'옥정경','(null)','30,000'),('2019-01-02 18:10:49','미정(예비용품)','A-008','L2스위치(넷기어)',0,'(null)','175,000',1,'관리자','초기재고','175,000'),('2019-05-22 16:33:47','봉림사(화성)','A-008','L2스위치(넷기어)',0,'(null)','165,000',1,'옥정경','화성 봉림사 신규구축','165,000'),('2019-05-30 17:31:35','복천사(제천)','A-008','L2스위치(넷기어)',0,'(null)','165,000',1,'옥정경','(null)','165,000'),('2019-01-02 18:11:14','미정(예비용품)','A-009','L2스위치(솔텍)',0,'(null)','320,000',2,'관리자','초기재고','640,000'),('2019-05-09 17:36:34','해광사(부산)','A-009','L2스위치(솔텍)',0,'(null)','320,000',1,'관리자','부산 해광사(KB)자재판매','320,000'),('2019-01-02 18:11:55','미정(예비용품)','A-011','광컨버터싱글기가',0,'(null)','50,000',4,'관리자','초기재고','200,000'),('2019-04-04 16:49:12','약수암(전주)','A-011','광컨버터싱글기가',0,'(null)','50,000',2,'관리자','전주 약수암 신규구축','100,000'),('2019-04-19 17:19:59','서천사(평택)','A-011','광컨버터싱글기가',0,'(null)','50,000',2,'관리자','평택 서천사 신규구축','100,000'),('2019-04-19 17:20:28','서천사(평택)','A-011','광컨버터싱글기가',0,'(null)','50,000',6,'관리자','평택 서천사 신규구축','300,000'),('2019-05-21 10:00:44','흥왕사(여주)','A-011','광컨버터싱글기가',0,'(null)','50,000',1,'옥정경','여주 흥왕사 신규구축','50,000'),('2019-01-02 18:12:16','미정(예비용품)','A-012','UPS',0,'(null)','440,000',2,'관리자','초기재고','880,000'),('2019-04-04 16:52:50','미정(예비용품)','A-012','UPS',0,'(null)','440,000',3,'관리자','사찰 신규구축','1,320,000'),('2019-01-02 18:12:41','미정(예비용품)','A-013','렉',0,'(null)','600,000',1,'관리자','초기재고','600,000'),('2019-03-06 16:29:17','불갑사(영광)','A-013','렉',0,'(null)','420,000',1,'관리자','영광 불갑사 신규구축','420,000'),('2019-04-10 17:03:32','미정(예비용품)','A-013','렉',0,'(null)','600,000',4,'관리자','사찰 신규구축','2,400,000'),('2019-01-02 18:13:04','미정(예비용품)','A-014','불꽃감지기',0,'(null)','630,000',1,'관리자','초기재고','630,000'),('2019-04-04 16:48:19','약수암(전주)','A-014','불꽃감지기',0,'(null)','630,000',1,'관리자','전주 약수암 신규구축','630,000'),('2019-04-19 17:15:13','서천사(평택)','A-014','불꽃감지기',0,'(null)','630,000',1,'관리자','평택 서천사 신규구축','630,000'),('2019-05-07 17:35:10','해광사(부산)','A-014','불꽃감지기',0,'(null)','630,000',1,'관리자','부산 해광사(KB)자재판매','630,000'),('2019-05-16 11:01:35','봉림사(화성)','A-014','불꽃감지기',0,'(null)','630,000',1,'옥정경','화성 봉림사 신규구축','630,000'),('2019-05-16 11:02:20','흥왕사(여주)','A-014','불꽃감지기',0,'(null)','630,000',1,'옥정경','여주 흥왕사 신규구축','630,000'),('2019-04-05 16:53:22','약수암(전주)','A-015','49인치모니터',0,'(null)','560,910',1,'관리자','전주 약수암 신규구축','560,910'),('2019-04-19 17:17:24','서천사(평택)','A-015','49인치모니터',0,'(null)','560,910',1,'관리자','평택 서천사 신규구축','560,910'),('2019-05-15 18:12:02','흥왕사(여주)','A-015','49인치모니터',0,'(null)','560,910',1,'옥정경','여주 흥왕사 신규구축','560,910'),('2019-05-15 18:12:39','봉림사(화성)','A-015','49인치모니터',0,'(null)','560,910',1,'옥정경','화성 봉림사 신규구축','560,910'),('2019-04-04 16:50:24','약수암(전주)','A-016','22인치터치모니터',0,'(null)','240,000',1,'관리자','전주 약수암 신규구축','240,000'),('2019-04-19 17:22:23','서천사(평택)','A-016','22인치터치모니터',0,'(null)','240,000',1,'관리자','평택 서천사 신규구축','240,000'),('2019-05-09 17:37:28','해광사(부산)','A-016','22인치터치모니터',0,'(null)','240,000',1,'관리자','부산 해광사(KB)자재판매','240,000'),('2019-05-16 13:05:44','봉림사(화성)','A-016','22인치터치모니터',0,'(null)','240,000',1,'옥정경','화성 봉림사 신규구축','240,000'),('2019-05-16 13:06:25','흥왕사(여주)','A-016','22인치터치모니터',0,'(null)','240,000',1,'옥정경','여주 흥왕사 신규구축','240,000'),('2019-01-02 18:13:51','미정(예비용품)','A-017','복합디텍터',0,'(null)','182,000',10,'관리자','초기재고','1,820,000'),('2019-03-15 16:37:31','미정(예비용품)','A-017','복합디텍터',0,'(null)','182,000',12,'관리자','사찰 신규구축','2,184,000'),('2019-05-09 17:37:05','미정(예비용품)','A-017','복합디텍터',0,'(null)','182,000',10,'관리자','사찰 신규구축','1,820,000'),('2019-01-02 18:14:22','미정(예비용품)','A-018','전각출입표시기',0,'(null)','455,000',3,'관리자','초기재고','1,365,000'),('2019-03-15 16:38:14','미정(예비용품)','A-018','전각출입표시기',0,'(null)','455,000',4,'관리자','사찰 신규구축','1,820,000'),('2019-04-19 17:17:01','미정(예비용품)','A-018','전각출입표시기',0,'(null)','455,000',8,'관리자','국무총리실','3,640,000'),('2019-01-02 18:15:33','미정(예비용품)','A-019','아답터(24V1A)',0,'(null)','11,000',3,'관리자','초기재고','33,000'),('2019-04-19 17:22:52','서천사(평택)','A-019','아답터(24V1A)',0,'(null)','11,000',1,'관리자','평택 서천사 신규구축','11,000'),('2019-05-21 09:48:10','봉림사(화성)','A-019','아답터(24V1A)',0,'(null)','11,000',1,'옥정경','화성 봉림사 신규구축','11,000'),('2019-05-21 10:00:44','흥왕사(여주)','A-019','아답터(24V1A)',0,'(null)','11,000',1,'옥정경','여주 흥왕사 신규구축','11,000'),('2019-05-30 17:31:35','복천사(제천)','A-019','아답터(24V1A)',0,'(null)','11,000',1,'옥정경','(null)','11,000'),('2019-01-02 18:16:01','미정(예비용품)','A-020','아답터(12V2.5A)',0,'(null)','4,500',42,'관리자','초기재고','189,000'),('2019-01-02 14:17:49','미정(예비용품)','A-021','아답터(12V1.5A)',0,'(null)','0',4,'옥정경','(null)','0'),('2019-01-02 18:16:23','미정(예비용품)','A-021','아답터(12V1.5A)',0,'(null)','0',62,'관리자','초기재고','0'),('2019-01-21 11:10:19','미정(예비용품)','A-021','아답터(12V1.5A)',0,'(null)','0',24,'옥정경','(null)','0'),('2019-01-02 18:16:47','미정(예비용품)','A-022','5포트허브',0,'(null)','8,200',10,'관리자','초기재고','82,000'),('2019-03-22 16:38:51','법화사(제주)','A-022','5포트허브',0,'(null)','8,200',1,'관리자','제주 법화사 8포트허브교체후 회수','8,200'),('2019-04-12 17:06:02','미정(예비용품)','A-022','5포트허브',0,'(null)','8,200',10,'관리자','유지보수 예비품','82,000'),('2019-01-02 10:42:29','미정(예비용품)','A-023','8포트허브',0,'(null)','25,500',1,'옥정경','(null)','25,500'),('2019-01-02 11:12:03','미정(예비용품)','A-023','8포트허브',0,'(null)','0',1,'옥정경','(null)','0'),('2019-01-02 18:17:05','미정(예비용품)','A-023','8포트허브',0,'(null)','25,500',8,'관리자','초기재고','204,000'),('2019-04-12 17:06:28','미정(예비용품)','A-023','8포트허브',0,'(null)','25,500',10,'관리자','유지보수 예비품','255,000'),('2019-01-02 18:18:09','미정(예비용품)','A-024','공유기',0,'(null)','14,100',1,'관리자','초기재고','14,100'),('2019-04-12 17:06:58','미정(예비용품)','A-024','공유기',0,'(null)','14,100',10,'관리자','유지보수 예비품','141,000'),('2019-01-02 18:18:33','미정(예비용품)','A-025','스피커',0,'(null)','3,000',17,'관리자','초기재고','51,000'),('2019-01-02 18:18:55','미정(예비용품)','A-026','안내표지판',0,'(null)','3,800',37,'관리자','초기재고','140,600'),('2019-04-10 17:04:22','약수암(전주)','A-027','무선안테나',0,'(null)','700,000',1,'관리자','전주 약수암 신규구축','700,000'),('2019-04-25 17:26:55','심곡사','A-027','무선안테나',0,'(null)','350,000',1,'관리자','익산 심곡사 유지보수','350,000'),('2019-01-02 17:31:59','미정(예비용품)','A-028','적외선외곽카메라',0,'(null)','0',1,'옥정경','MNC328BRZ','0'),('2019-01-02 18:19:16','미정(예비용품)','A-029','광모듈',0,'(null)','26,000',5,'관리자','초기재고','130,000'),('2019-01-02 18:19:49','미정(예비용품)','A-030','분전반통신모듈',0,'(null)','150,000',12,'관리자','초기재고','1,800,000'),('2019-01-02 18:20:06','미정(예비용품)','A-031','L2광스위치(8포트)',0,'(null)','0',3,'관리자','초기재고','0'),('2019-01-11 16:07:48','광덕사(증평)','A-032','NVR서버',0,'(null)','1,583,000',1,'관리자','증평 광덕사 유지보수','1,583,000'),('2019-03-14 16:36:44','사나사(양평)','A-032','NVR서버',0,'(null)','290,000',1,'관리자','양평 사나사 유지보수','290,000'),('2019-04-09 17:01:09','약수암(전주)','A-032','NVR서버',0,'(null)','1,597,000',1,'관리자','전주 약수암 신규구축','1,597,000'),('2019-05-02 17:31:46','서천사(평택)','A-032','NVR서버',0,'(null)','1,944,000',1,'관리자','평택 서천사 신규구축','1,944,000'),('2019-05-09 17:37:50','해광사(부산)','A-032','NVR서버',0,'(null)','2,033,000',1,'관리자','부산 해광사(KB)자재판매','2,033,000'),('2019-05-31 13:38:23','흥왕사(여주)','A-032','NVR서버',0,'(null)','1,954,000',1,'옥정경','여주 흥왕사 신규구축','1,954,000'),('2019-05-31 13:39:31','봉림사(화성)','A-032','NVR서버',0,'(null)','1,954,000',1,'옥정경','화성 봉림사 신규구축','1,954,000'),('2019-04-09 17:01:47','약수암(전주)','A-033','지능형서버',0,'(null)','978,000',1,'관리자','전주 약수암 신규구축','978,000'),('2019-05-02 17:33:01','서천사(평택)','A-033','지능형서버',0,'(null)','984,000',1,'관리자','평택 서천사 신규구축','984,000'),('2019-05-09 17:38:14','해광사(부산)','A-033','지능형서버',0,'(null)','1,004,000',1,'관리자','부산 해광사(KB)자재판매','1,004,000'),('2019-05-31 13:38:23','흥왕사(여주)','A-033','지능형서버',0,'(null)','999,000',1,'옥정경','여주 흥왕사 신규구축','999,000'),('2019-05-31 13:39:31','봉림사(화성)','A-033','지능형서버',0,'(null)','999,000',1,'옥정경','화성 봉림사 신규구축','999,000'),('2019-02-12 16:21:52','탑사(진안)','A-034','DVR',0,'(null)','350,000',1,'관리자','진안 탑사 유지보수','350,000'),('2019-01-10 16:02:28','정법사(성북)','A-035','삼성돔카메라',0,'(null)','140,000',10,'관리자','성북 정법사 유지보수','1,400,000'),('2019-01-10 16:04:34','정법사(성북)','A-036','삼성외곽카메라',0,'(null)','140,000',7,'관리자','성북 정법사 유지보수','980,000'),('2019-01-17 16:12:33','흥국사(남양주)','A-037','24인치모니터',0,'(null)','149,100',1,'관리자','남양주 흥국사 유지보수','149,100'),('2019-01-17 16:13:25','흥국사(남양주)','A-038','43인치모니터',0,'(null)','464,600',1,'관리자','남양주 흥국사 유지보수','464,600'),('2019-03-07 16:30:00','불갑사(영광)','A-038','43인치모니터',0,'(null)','310,000',1,'관리자','영광 불갑사 신규구축','310,000'),('2019-01-02 18:20:34','미정(예비용품)','A-039','벽부형브라켓',0,'(null)','0',1,'관리자','초기재고','0'),('2019-01-17 16:14:00','흥국사(남양주)','A-039','벽부형브라켓',0,'(null)','10,300',1,'관리자','남양주 흥국사 유지보수','10,300'),('2019-01-02 18:20:49','미정(예비용품)','A-041','poe4포트허브',0,'(null)','0',1,'관리자','(null)','0'),('2019-05-21 09:48:10','봉림사(화성)','A-041','poe4포트허브',0,'(null)','21,800',4,'옥정경','화성 봉림사 신규구축','87,200'),('2019-05-21 10:00:44','흥왕사(여주)','A-041','poe4포트허브',0,'(null)','21,800',3,'옥정경','여주 흥왕사 신규구축','65,400'),('2019-05-30 17:31:35','복천사(제천)','A-041','poe4포트허브',0,'(null)','21,800',2,'옥정경','(null)','43,600'),('2019-01-11 16:08:52','광덕사(증평)','A-042','아이디스sw16ch',0,'(null)','600,000',1,'관리자','증평 광덕사 유지보수','600,000'),('2019-04-22 17:23:53','미정(예비용품)','A-042','아이디스sw16ch',0,'(null)','600,000',1,'관리자','국무총리실','600,000'),('2019-03-07 11:20:50','봉국사(성남)','A-043','아이디스sw32ch',0,'(null)','1,200,000',1,'옥정경','(null)','1,200,000'),('2019-04-22 17:24:23','서천사(평택)','A-043','아이디스sw32ch',0,'(null)','1,200,000',1,'관리자','평택 서천사 신규구축','1,200,000'),('2019-05-08 17:36:04','해광사(부산)','A-043','아이디스sw32ch',0,'(null)','1,200,000',1,'관리자','부산 해광사(KB)자재판매','1,200,000'),('2019-05-16 11:09:48','봉림사(화성)','A-043','아이디스sw32ch',0,'(null)','1,200,000',1,'옥정경','화성 봉림사 신규구축','1,200,000'),('2019-05-16 11:10:47','영원사(이천)','A-043','아이디스sw32ch',0,'(null)','1,200,000',1,'옥정경','여주 흥왕사 신규구축','1,200,000'),('2019-05-30 13:25:53','복천사(제천)','A-043','아이디스sw32ch',0,'(null)','1,200,000',1,'옥정경','제천 복천사 신규구축','1,200,000'),('2019-04-08 16:57:22','약수암(전주)','A-045','폴3M',0,'(null)','255,000',1,'관리자','전주 약수암 신규구축','255,000'),('2019-04-29 17:28:15','서천사(평택)','A-045','폴3M',0,'(null)','255,000',9,'관리자','평택 서천사 신규구축','2,295,000'),('2019-04-08 16:58:19','약수암(전주)','A-046','암대',0,'(null)','30,000',1,'관리자','전주 약수암 신규구축','30,000'),('2019-04-29 17:28:48','서천사(평택)','A-046','암대',0,'(null)','30,000',4,'관리자','평택 서천사 신규구축','120,000'),('2019-04-08 16:59:12','약수암(전주)','A-047','각도기',0,'(null)','10,000',1,'관리자','전주 약수암 신규구축','10,000'),('2019-04-29 17:29:09','서천사(평택)','A-047','각도기',0,'(null)','10,000',4,'관리자','평택 서천사 신규구축','40,000'),('2019-04-08 16:59:40','약수암(전주)','A-048','앙카캡',0,'(null)','3,000',1,'관리자','전주 약수암 신규구축','3,000'),('2019-04-29 17:29:35','서천사(평택)','A-048','앙카캡',0,'(null)','3,000',9,'관리자','평택 서천사 신규구축','27,000'),('2019-04-08 17:00:12','약수암(전주)','A-049','함체',0,'(null)','150,000',1,'관리자','전주 약수암 신규구축','150,000'),('2019-04-29 17:29:59','서천사(평택)','A-049','함체',0,'(null)','150,000',4,'관리자','평택 서천사 신규구축','600,000'),('2019-04-08 17:00:43','약수암(전주)','A-050','폴배송',0,'(null)','17,000',1,'관리자','전주 약수암 신규구축','17,000'),('2019-04-29 17:30:26','서천사(평택)','A-050','폴배송',0,'(null)','55,000',1,'관리자','평택 서천사 신규구축','55,000'),('2019-05-28 16:28:51','보문사(성북)','A-052','분전반8채널',0,'(null)','6,500,000',1,'옥정경','제천 복천사 신규구축','6,500,000'),('2019-05-28 16:31:59','봉림사(화성)','A-052','분전반8채널',0,'(null)','6,500,000',1,'옥정경','화성 봉림사 신규구축','6,500,000'),('2019-04-05 16:53:49','약수암(전주)','A-053','분전반10채널',0,'(null)','6,500,000',2,'관리자','전주 약수암 신규구축','13,000,000'),('2019-04-05 16:54:21','백련암(의령)','A-053','분전반10채널',0,'(null)','6,500,000',3,'관리자','의령 백련암 신규구축','19,500,000'),('2019-04-05 16:56:00','서천사(평택)','A-053','분전반10채널',0,'(null)','6,500,000',2,'관리자','평택 서천사 신규구축','13,000,000'),('2019-05-16 09:47:14','흥왕사(여주)','A-053','분전반10채널',0,'(null)','6,500,000',4,'옥정경','여주 흥왕사 신규구축','26,000,000'),('2019-05-28 16:28:51','복천사(제천)','A-053','분전반10채널',0,'(null)','6,500,000',2,'옥정경','제천 복천사 신규구축','13,000,000'),('2019-05-28 16:31:59','봉림사(화성)','A-053','분전반10채널',0,'(null)','6,500,000',2,'옥정경','화성 봉림사 신규구축','13,000,000'),('2019-04-05 16:55:32','백련암(의령)','A-054','분전반12채널',0,'(null)','6,500,000',1,'관리자','의령 백련암 신규구축','6,500,000'),('2019-04-05 16:56:53','서천사(평택)','A-054','분전반12채널',0,'(null)','6,500,000',1,'관리자','평택 서천사 신규구축','6,500,000'),('2019-05-28 16:31:59','봉림사(화성)','A-054','분전반12채널',0,'(null)','6,500,000',1,'옥정경','화성 봉림사 신규구축','6,500,000'),('2019-01-17 16:14:40','흥국사(남양주)','A-059','HDMI-IP리피터',0,'(null)','176,000',1,'관리자','남양주 흥국사 유지보수','176,000'),('2019-01-02 18:21:13','미정(예비용품)','A-060','HDMI리피터',0,'(null)','0',1,'관리자','초기재고','0'),('2019-01-17 16:15:34','흥국사(남양주)','A-060','HDMI리피터',0,'(null)','60,000',1,'관리자','남양주 흥국사 유지보수','60,000'),('2019-01-14 16:10:27','대련사','A-061','잡자재',0,'(null)','95,000',1,'관리자','예산 대련사 유지보수','95,000'),('2019-01-15 16:11:15','묘적사(남양주)','A-061','잡자재',0,'(null)','28,000',1,'관리자','남양주 묘적사 유지보수','28,000'),('2019-01-22 16:15:59','삼성암','A-061','잡자재',0,'(null)','84,000',1,'관리자','강북 삼성암 하자보수','84,000'),('2019-01-23 16:16:40','상운사(고양)','A-061','잡자재',0,'(null)','16,000',1,'관리자','고양 상운사 유지보수','16,000'),('2019-01-23 16:17:25','노적사(고양)','A-061','잡자재',0,'(null)','44,500',1,'관리자','고양 노적사 유지보수','44,500'),('2019-01-28 16:19:26','장락사(제천)','A-061','잡자재',0,'(null)','4,500',1,'관리자','제천 장락사 유지보수','4,500'),('2019-02-18 16:22:59','구절암(홍성)','A-061','잡자재',0,'(null)','98,000',1,'관리자','홍성 구절암 유지보수','98,000'),('2019-02-18 16:23:46','정법사(성북)','A-061','잡자재',0,'(null)','13,000',1,'관리자','성북 정법사 유지보수','13,000'),('2019-02-18 16:24:21','화방사','A-061','잡자재',0,'(null)','83,200',1,'관리자','강진 화방사 유지보수','83,200'),('2019-02-21 16:24:57','미정(예비용품)','A-061','잡자재',0,'(null)','131,870',1,'관리자','고창 문수사 유지보수','131,870'),('2019-02-28 16:25:38','문수사(고창)','A-061','잡자재',0,'(null)','52,500',1,'관리자','고창 문수사 유지보수','52,500'),('2019-03-07 16:31:31','불갑사(영광)','A-061','잡자재',0,'(null)','19,000',1,'관리자','영광 불갑사 신규구축','19,000'),('2019-03-12 16:32:47','장락사(제천)','A-061','잡자재',0,'(null)','65,000',1,'관리자','제천 장락사 유지보수','65,000'),('2019-03-12 16:34:17','청련사','A-061','잡자재',0,'(null)','17,273',1,'관리자','강화 청련사 유지보수','17,273'),('2019-03-22 16:39:50','관음사','A-061','잡자재',0,'(null)','36,400',1,'관리자','강릉 관음사 유지보수','36,400'),('2019-03-26 16:40:23','내원암(남양주)','A-061','잡자재',0,'(null)','121,973',1,'관리자','남양주 내원암 유지보수','121,973'),('2019-03-28 16:41:11','금지암(부여)','A-061','잡자재',0,'(null)','13,273',1,'관리자','부여 금지암 유지보수','13,273'),('2019-04-01 16:46:32','법성사(강서)','A-061','잡자재',0,'(null)','13,637',1,'관리자','강서 법성사 유지보수','13,637'),('2019-04-09 17:03:04','망경암(성남)','A-061','잡자재',0,'(null)','80,000',1,'관리자','성남 망경암 하자보수','80,000'),('2019-04-16 17:07:34','봉서사(완주)','A-061','잡자재',0,'(null)','62,000',1,'관리자','완주 봉서사 유지보수','62,000'),('2019-04-22 17:24:53','연주암(과천)','A-061','잡자재',0,'(null)','31,355',1,'관리자','과천 연주암 유지보수','31,355'),('2019-04-24 17:25:51','약수암(전주)','A-061','잡자재',0,'(null)','13,909',1,'관리자','전주 약수암 신규구축','13,909'),('2019-04-24 17:26:18','이천보(가평)','A-061','잡자재',0,'(null)','15,000',1,'관리자','가평 이천보 유지보수','15,000'),('2019-04-29 17:27:28','신흥사(이천)','A-061','잡자재',0,'(null)','29,000',4,'관리자','이천 신흥사 유지보수','116,000'),('2019-05-03 17:33:33','서천사(평택)','A-061','잡자재',0,'(null)','224,400',1,'관리자','평택 서천사 신규구축','224,400'),('2019-05-03 17:34:01','서천사(평택)','A-061','잡자재',0,'(null)','190,900',1,'관리자','평택 서천사 신규구축','190,900'),('2019-05-08 17:35:40','서천사(평택)','A-061','잡자재',0,'(null)','30,200',2,'관리자','평택 서천사 신규구축','60,400'),('2019-05-16 10:58:34','수도사(평택)','A-061','잡자재',0,'(null)','23,000',1,'옥정경','평택 수도사 유지보수','23,000'),('2019-05-28 09:39:31','유지보수(예비품)','A-061','잡자재',0,'(null)','77,327',1,'옥정경','유지보수 (예비품)','77,327'),('2019-01-02 18:21:40','미정(예비용품)','A-062','그래픽카드',0,'(null)','0',3,'관리자','초기재고','0'),('2019-01-02 11:12:47','미정(예비용품)','A-063','HDD',0,'(null)','0',1,'옥정경','(null)','0'),('2019-01-02 18:21:53','미정(예비용품)','A-063','HDD',0,'(null)','0',2,'관리자','초기재고','0'),('2019-01-02 18:22:07','미정(예비용품)','A-064','RAM',0,'(null)','0',2,'관리자','초기재고','0'),('2019-03-06 16:27:29','불갑사(영광)','A-065','NVR16CH',0,'(null)','1,050,000',1,'관리자','영광 불갑사 신규구축','1,050,000'),('2019-04-04 16:49:55','약수암(전주)','A-067','Poe8포트허브',0,'(null)','31,820',3,'관리자','전주 약수암 신규구축','95,460'),('2019-04-19 17:20:54','미정(예비용품)','A-067','Poe8포트허브',0,'(null)','31,820',7,'관리자','평택 서천사 신규구축','222,740'),('2019-05-21 09:48:10','봉림사(화성)','A-067','Poe8포트허브',0,'(null)','31,800',2,'옥정경','화성 봉림사 신규구축','63,600'),('2019-05-21 10:00:44','흥왕사(여주)','A-067','Poe8포트허브',0,'(null)','31,800',2,'옥정경','여주 흥왕사 신규구축','63,600'),('2019-05-30 17:31:35','복천사(제천)','A-067','Poe8포트허브',0,'(null)','31,800',2,'옥정경','(null)','63,600'),('2019-03-06 16:28:47','불갑사(영광)','A-068','전력공급장치',0,'(null)','120,000',1,'관리자','영광 불갑사 신규구축','120,000'),('2019-03-06 16:28:08','불갑사(영광)','A-069','Poe스위치',0,'(null)','470,000',1,'관리자','영광 불갑사 신규구축','470,000'),('2019-04-10 17:04:54','약수암(전주)','A-070','카메라투광등',0,'(null)','40,000',5,'관리자','전주 약수암 신규구축','200,000'),('2019-05-21 09:48:10','흥왕사(여주)','A-070','카메라투광기',0,'(null)','40,000',3,'옥정경','여주 흥왕사 신규구축','120,000'),('2019-05-30 18:17:16','흥왕사(여주)','A-070','카메라투광기',0,'(null)','40,000',10,'옥정경','여주 흥왕사 신규구축','400,000'),('2019-04-19 17:23:26','서천사(평택)','A-071','POE인젝터',0,'(null)','7,720',3,'관리자','평택 서천사 신규구축','23,160'),('2019-04-30 17:30:50','서천사(평택)','A-071','POE인젝터',0,'(null)','7,720',2,'관리자','평택 서천사 신규구축','15,440'),('2019-05-22 13:12:32','유지보수(예비품)','A-071','POE인젝터',0,'(null)','7,730',10,'옥정경','유지보수 예비품','77,300'),('2019-05-21 16:18:23','흥왕사(여주)','A-072','32인치모니터',0,'(null)','213,650',2,'옥정경','여주 흥왕사 신규구축','427,300'),('2019-05-21 16:19:48','봉서사(완주)','A-072','32인치모니터',0,'(null)','213,650',1,'옥정경','여주 흥왕사 신규구축','213,650'),('2019-05-22 13:12:32','유지보수(예비품)','A-073','L2스위치(POE24400W)',0,'(null)','470,000',1,'옥정경','유지보수 예비품','470,000'),('2019-05-28 16:37:38','봉림사(화성)','A-075','분전반12채널(3상)',0,'(null)','6,500,000',1,'옥정경','화성 봉림사 신규구축','6,500,000');
/*!40000 ALTER TABLE `h_receive` ENABLE KEYS */;
UNLOCK TABLES;

--
-- Table structure for table `h_release`
--

DROP TABLE IF EXISTS `h_release`;
/*!40101 SET @saved_cs_client     = @@character_set_client */;
/*!40101 SET character_set_client = utf8 */;
CREATE TABLE `h_release` (
  `REG_DATE` datetime NOT NULL,
  `SITE_ID` char(50) DEFAULT NULL,
  `ITEM_CODE` char(50) NOT NULL,
  `ITEM_NAME` char(50) NOT NULL,
  `ITEM_KIND` int(1) unsigned NOT NULL,
  `USE_TYPE` int(1) unsigned NOT NULL COMMENT '0:신규사찰, 1:유지보수, 2:기타',
  `RELEASE_UNIT_PRICE` varchar(50) NOT NULL DEFAULT '0',
  `RELEASE_UNIT_COUNT` int(11) unsigned NOT NULL,
  `USER_NAME` char(50) NOT NULL COMMENT '담당자',
  `RELEASE_USER_NAME` varchar(50) NOT NULL COMMENT '출고인',
  `DESCRIPTION` varchar(50) NOT NULL,
  `RELEASE_ALL_PRICE` varchar(50) NOT NULL DEFAULT '0',
  `STATE` varchar(50) NOT NULL,
  PRIMARY KEY (`ITEM_CODE`,`REG_DATE`)
) ENGINE=InnoDB DEFAULT CHARSET=utf8;
/*!40101 SET character_set_client = @saved_cs_client */;

--
-- Dumping data for table `h_release`
--

LOCK TABLES `h_release` WRITE;
/*!40000 ALTER TABLE `h_release` DISABLE KEYS */;
INSERT INTO `h_release` VALUES ('2019-01-11 18:33:53','대련사','A-001','적외선IP외곽카메라',0,1,'150,000',2,'','관리자','예산 대련사 유지보수','300,000','요청'),('2019-01-21 19:27:57','신흥사(이천)','A-001','적외선IP외곽카메라',0,1,'150,000',1,'','관리자','이천 신흥사 유지보수','150,000','요청'),('2019-03-11 20:14:29','심복사(평택)','A-001','적외선IP외곽카메라',0,0,'150,000',1,'','관리자','평택 심복사 유지보수','150,000','요청'),('2019-03-25 20:19:21','연주암(과천)','A-001','적외선IP외곽카메라',0,1,'150,000',1,'','관리자','과천 연주암 유지보수','150,000','요청'),('2019-04-08 20:30:55','약수암(전주)','A-001','적외선IP외곽카메라',0,0,'125,000',5,'','관리자','전주 약수암 신규구축','625,000','요청'),('2019-04-09 20:41:47','망경암(성남)','A-001','적외선IP외곽카메라',0,2,'150,000',1,'','관리자','성남 망경암 하자보수','150,000','요청'),('2019-04-12 20:46:08','약수암(전주)','A-001','적외선IP외곽카메라',0,0,'125,000',1,'','관리자','전주 약수암 신규구축','125,000','요청'),('2019-04-22 20:52:56','서천사(평택)','A-001','적외선IP외곽카메라',0,0,'125,000',14,'','관리자','평택 서천사 신규구축','1,750,000','요청'),('2019-04-24 21:00:38','연주암(과천)','A-001','적외선IP외곽카메라',0,1,'150,000',5,'','관리자','과천 연주암 유지보수','750,000','요청'),('2019-04-30 21:05:44','수리사(군포)','A-001','적외선IP외곽카메라',0,1,'150,000',1,'','관리자','군포 수리사 유지보수','150,000','요청'),('2019-05-14 10:10:16','불갑사(영광)','A-001','적외선IP외곽카메라',0,1,'150,000',1,'옥정경','옥정경','(null)','150,000','승인'),('2019-05-21 18:46:43','구절암(홍성)','A-001','적외선IP외곽카메라',0,1,'150,000',1,'옥정경','서영인','(null)','150,000','승인'),('2019-05-24 10:43:21','관음사(강릉)','A-001','적외선IP외곽카메라',0,1,'150,000',2,'옥정경','옥정경','(null)','300,000','승인'),('2019-05-24 10:51:51','천은사(삼척)','A-001','적외선IP외곽카메라',0,1,'150,000',1,'','옥정경','(null)','150,000','요청'),('2019-05-28 16:51:52','흥왕사(여주)','A-001','적외선IP외곽카메라',0,0,'125,000',13,'','옥정경','(null)','1,625,000','요청'),('2019-05-30 10:38:27','봉림사(화성)','A-001','적외선IP외곽카메라',0,0,'125,000',15,'','옥정경','(null)','1,875,000','요청'),('2019-01-11 18:34:32','대련사','A-002','적외선IP돔카메라',0,1,'320,000',1,'','관리자','예산 대련사 유지보수','320,000','요청'),('2019-01-28 19:31:35','봉국사(성남)','A-002','적외선IP돔카메라',0,0,'125,000',4,'','관리자','성남 봉국사 유지보수','500,000','요청'),('2019-03-06 19:49:03','불갑사(영광)','A-002','적외선IP돔카메라',0,0,'170,000',16,'','관리자','영광 불갑사 신규구축','2,720,000','요청'),('2019-03-14 20:16:27','옥천암(서대문)','A-002','적외선IP돔카메라',0,2,'73,636',1,'','관리자','서대문 옥천암 하자보수','73,636','요청'),('2019-04-08 20:30:05','약수암(전주)','A-002','적외선IP돔카메라',0,0,'125,000',2,'','관리자','전주 약수암 신규구축','250,000','요청'),('2019-04-11 20:44:07','약수암(전주)','A-002','적외선IP돔카메라',0,0,'125,000',1,'','관리자','전주 약수암 신규구축','125,000','요청'),('2019-04-22 20:51:53','서천사(평택)','A-002','적외선IP돔카메라',0,0,'125,000',4,'','관리자','평택 서천사 신규구축','500,000','요청'),('2019-05-14 10:12:05','불갑사(영광)','A-002','적외선IP돔카메라',0,1,'320,000',1,'옥정경','옥정경','(null)','320,000','승인'),('2019-05-27 18:19:31','불갑사(영광)','A-002','적외선IP돔카메라',0,1,'320,000',1,'옥정경','이근','(null)','320,000','승인'),('2019-05-28 16:51:52','흥왕사(여주)','A-002','적외선IP돔카메라',0,0,'125,000',5,'','옥정경','(null)','625,000','요청'),('2019-05-30 10:38:27','봉림사(화성)','A-002','적외선IP돔카메라',0,0,'125,000',4,'','옥정경','(null)','500,000','요청'),('2019-01-10 18:33:20','정법사(성북)','A-004','돔브라켓',0,1,'3,000',5,'','관리자','성북 정법사 유지보수','15,000','요청'),('2019-04-08 20:30:32','약수암(전주)','A-004','돔브라켓',0,0,'7,000',2,'','관리자','전주 약수암 신규구축','14,000','요청'),('2019-04-12 20:45:46','약수암(전주)','A-004','돔브라켓',0,0,'7,000',1,'','관리자','전주 약수암 신규구축','7,000','요청'),('2019-04-22 20:52:20','서천사(평택)','A-004','돔브라켓',0,0,'3,000',4,'','관리자','평택 서천사 신규구축','12,000','요청'),('2019-05-28 16:51:52','흥왕사(여주)','A-004','돔브라켓',0,0,'3,000',5,'','옥정경','(null)','15,000','요청'),('2019-05-30 10:38:27','봉림사(화성)','A-004','돔브라켓',0,0,'3,000',4,'','옥정경','(null)','12,000','요청'),('2019-04-08 20:31:18','약수암(전주)','A-005','싸이렌경광등',0,0,'20,000',1,'','관리자','전주 약수암 신규구축','20,000','요청'),('2019-04-22 20:53:15','서천사(평택)','A-005','싸이렌경광등',0,0,'20,000',1,'','관리자','평택 서천사 신규구축','20,000','요청'),('2019-05-28 17:00:18','흥왕사(여주)','A-005','싸이렌경광등',0,0,'20,000',1,'','옥정경','(null)','20,000','요청'),('2019-05-30 10:38:27','봉림사(화성)','A-005','싸이렌경광등',0,0,'20,000',1,'','옥정경','(null)','20,000','요청'),('2019-04-08 20:31:54','약수암(전주)','A-006','투광기',0,0,'28,000',1,'','관리자','전주 약수암 신규구축','28,000','요청'),('2019-04-22 20:53:37','서천사(평택)','A-006','투광기',0,0,'28,000',1,'','관리자','평택 서천사 신규구축','28,000','요청'),('2019-05-28 17:07:10','흥왕사(여주)','A-006','투광등',0,0,'28,000',1,'','옥정경','(null)','28,000','요청'),('2019-05-30 11:05:56','봉림사(화성)','A-006','투광등',0,0,'28,000',1,'','옥정경','(null)','28,000','요청'),('2019-04-08 20:32:22','약수암(전주)','A-007','재실감지기',0,0,'15,000',2,'','관리자','전주 약수암 신규구축','30,000','요청'),('2019-04-22 20:53:56','서천사(평택)','A-007','재실감지기',0,0,'15,000',2,'','관리자','평택 서천사 신규구축','30,000','요청'),('2019-05-28 17:08:26','흥왕사(여주)','A-007','재실감지기',0,0,'15,000',2,'','옥정경','(null)','30,000','요청'),('2019-05-30 11:05:56','봉림사(화성)','A-007','재실감지기',0,0,'15,000',2,'','옥정경','(null)','30,000','요청'),('2019-05-30 11:13:30','봉림사(화성)','A-008','L2스위치(넷기어)',0,0,'165,000',1,'','옥정경','(null)','165,000','요청'),('2019-04-08 20:34:18','약수암(전주)','A-009','L2스위치(솔텍)',0,0,'320,000',1,'','관리자','전주 약수암 신규구축','320,000','요청'),('2019-04-22 20:55:22','서천사(평택)','A-009','L2스위치(솔텍)',0,0,'320,000',1,'','관리자','평택 서천사 신규구축','320,000','요청'),('2019-05-10 10:44:02','해광사(부산)','A-009','L2스위치(솔텍)',0,0,'320,000',1,'','옥정경','KB 자재판매','320,000','요청'),('2019-04-08 20:36:04','약수암(전주)','A-011','광컨버터싱글기가',0,0,'50,000',2,'','관리자','전주 약수암 신규구축','100,000','요청'),('2019-04-22 20:56:53','서천사(평택)','A-011','광컨버터싱글기가',0,0,'50,000',8,'','관리자','평택 서천사 신규구축','400,000','요청'),('2019-05-28 17:08:26','흥왕사(여주)','A-011','광컨버터싱글기가',0,0,'50,000',1,'','옥정경','(null)','50,000','요청'),('2019-04-08 20:34:49','약수암(전주)','A-012','UPS',0,0,'440,000',1,'','관리자','전주 약수암 신규구축','440,000','요청'),('2019-04-22 20:55:58','서천사(평택)','A-012','UPS',0,0,'440,000',1,'','관리자','평택 서천사 신규구축','440,000','요청'),('2019-05-10 10:54:36','해광사(부산)','A-012','UPS',0,0,'440,000',1,'','옥정경','KB 자재납품','440,000','요청'),('2019-05-28 17:08:26','흥왕사(여주)','A-012','UPS',0,0,'440,000',1,'','옥정경','(null)','440,000','요청'),('2019-05-30 11:13:30','봉림사(화성)','A-012','UPS',0,0,'440,000',1,'','옥정경','(null)','440,000','요청'),('2019-03-06 20:03:12','불갑사(영광)','A-013','렉',0,0,'420,000',1,'','관리자','영광 불갑사 신규구축','420,000','요청'),('2019-04-08 20:35:20','약수암(전주)','A-013','렉',0,0,'600,000',1,'','관리자','전주 약수암 신규구축','600,000','요청'),('2019-04-22 20:56:27','서천사(평택)','A-013','렉',0,0,'600,000',1,'','관리자','평택 서천사 신규구축','600,000','요청'),('2019-05-15 10:55:22','해광사(부산)','A-013','렉',0,0,'600,000',1,'','옥정경','KB 자재납품','600,000','요청'),('2019-05-28 17:08:26','흥왕사(여주)','A-013','렉',0,0,'600,000',1,'','옥정경','(null)','600,000','요청'),('2019-05-30 11:13:30','봉림사(화성)','A-013','렉',0,0,'600,000',1,'','옥정경','(null)','600,000','요청'),('2019-01-11 18:39:49','광덕사(증평)','A-014','불꽃감지기',0,1,'630,000',1,'','관리자','증평 광덕사 유지보수','630,000','요청'),('2019-04-08 20:27:31','약수암(전주)','A-014','불꽃감지기',0,0,'630,000',1,'','관리자','전주 약수암 신규구축','630,000','요청'),('2019-04-22 20:49:05','서천사(평택)','A-014','불꽃감지기',0,0,'630,000',1,'','관리자','평택 서천사 신규구축','630,000','요청'),('2019-05-10 10:37:49','해광사(부산)','A-014','불꽃감지기',0,0,'630,000',1,'','옥정경','KB 자재판매','630,000','요청'),('2019-05-28 16:51:52','흥왕사(여주)','A-014','불꽃감지기',0,0,'630,000',1,'','옥정경','(null)','630,000','요청'),('2019-05-30 10:38:27','봉림사(화성)','A-014','불꽃감지기',0,0,'630,000',1,'','옥정경','(null)','630,000','요청'),('2019-04-08 20:28:28','약수암(전주)','A-015','49인치모니터',0,0,'560,910',1,'','관리자','전주 약수암 신규구축','560,910','요청'),('2019-04-22 20:50:31','서천사(평택)','A-015','49인치모니터',0,0,'560,910',1,'','관리자','평택 서천사 신규구축','560,910','요청'),('2019-05-28 16:51:52','흥왕사(여주)','A-015','49인치모니터',0,0,'560,910',1,'','옥정경','(null)','560,910','요청'),('2019-05-30 10:38:27','봉림사(화성)','A-015','49인치모니터',0,0,'560,910',1,'','옥정경','(null)','560,910','요청'),('2019-04-08 20:27:58','약수암(전주)','A-016','22인치터치모니터',0,0,'240,000',1,'','관리자','전주 약수암 신규구축','240,000','요청'),('2019-04-22 20:49:38','서천사(평택)','A-016','22인치터치모니터',0,0,'240,000',1,'','관리자','평택 서천사 신규구축','240,000','요청'),('2019-05-10 10:52:31','해광사(부산)','A-016','22인치터치모니터',0,0,'240,000',1,'','옥정경','KB 자재판매','240,000','요청'),('2019-05-28 16:51:52','흥왕사(여주)','A-016','22인치터치모니터',0,0,'240,000',1,'','옥정경','(null)','240,000','요청'),('2019-05-30 10:38:27','봉림사(화성)','A-016','22인치터치모니터',0,0,'240,000',1,'','옥정경','(null)','240,000','요청'),('2019-01-11 18:35:30','광덕사(증평)','A-017','복합디텍터',0,1,'200,000',2,'','관리자','증평 광덕사 유지보수','400,000','요청'),('2019-01-11 18:36:25','대련사','A-017','복합디텍터',0,1,'200,000',1,'','관리자','예산 대련사 유지보수','200,000','요청'),('2019-02-26 19:44:03','문수사(고창)','A-017','복합디텍터',0,1,'182,000',7,'','관리자','고창 문수사 유지보수','1,274,000','요청'),('2019-04-08 20:28:53','약수암(전주)','A-017','복합디텍터',0,0,'182,000',2,'','관리자','전주 약수암 신규구축','364,000','요청'),('2019-04-22 20:51:00','서천사(평택)','A-017','복합디텍터',0,0,'182,000',3,'','관리자','평택 서천사 신규구축','546,000','요청'),('2019-05-10 10:48:43','해광사(부산)','A-017','복합디텍터',0,0,'182,000',5,'','옥정경','KB 자재판매','910,000','요청'),('2019-05-28 16:51:52','흥왕사(여주)','A-017','복합디텍터',0,0,'182,000',3,'','옥정경','(null)','546,000','요청'),('2019-05-30 11:32:41','봉림사(화성)','A-017','복합디텍터',0,0,'182,000',4,'','옥정경','(null)','728,000','요청'),('2019-01-11 18:40:43','광덕사(증평)','A-018','전각출입표시기',0,1,'500,000',1,'','관리자','증평 광덕사 유지보수','500,000','요청'),('2019-04-08 20:29:23','약수암(전주)','A-018','전각출입표시기',0,0,'455,000',1,'','관리자','전주 약수암 신규구축','455,000','요청'),('2019-04-22 20:51:22','서천사(평택)','A-018','전각출입표시기',0,0,'455,000',1,'','관리자','평택 서천사 신규구축','455,000','요청'),('2019-05-10 10:47:53','해광사(부산)','A-018','전각출입표시기',0,0,'455,000',3,'','옥정경','KB 자재판매','1,365,000','요청'),('2019-05-28 16:51:52','흥왕사(여주)','A-018','전각출입표시기',0,0,'455,000',1,'','옥정경','(null)','455,000','요청'),('2019-05-30 10:38:27','봉림사(화성)','A-018','전각출입표시기',0,0,'455,000',1,'','옥정경','(null)','455,000','요청'),('2019-01-11 18:42:42','광덕사(증평)','A-019','아답터(24V1A)',0,1,'11,000',1,'','관리자','증평 광덕사 유지보수','11,000','요청'),('2019-04-08 20:33:49','약수암(전주)','A-019','아답터(24V1A)',0,0,'11,000',1,'','관리자','전주 약수암 신규구축','11,000','요청'),('2019-04-22 20:54:50','서천사(평택)','A-019','아답터(24V1A)',0,0,'11,000',1,'','관리자','평택 서천사 신규구축','11,000','요청'),('2019-05-28 17:08:26','흥왕사(여주)','A-019','아답터(24V1A)',0,0,'11,000',1,'','옥정경','(null)','11,000','요청'),('2019-05-30 11:13:30','봉림사(화성)','A-019','아답터(24V1A)',0,0,'11,000',1,'','옥정경','(null)','11,000','요청'),('2019-01-03 18:23:06','불갑사(영광)','A-020','아답터(12V2.5A)',0,1,'4,500',1,'','관리자','영광 불갑사 유지보수 ','4,500','요청'),('2019-01-10 18:30:57','정법사(성북)','A-020','아답터(12V2.5A)',0,1,'4,500',6,'','관리자','성북 정법사 유지보수','27,000','요청'),('2019-01-15 18:45:57','보덕사(제주)','A-020','아답터(12V2.5A)',0,1,'4,500',2,'','관리자','제주 보덕사 유지보수','9,000','요청'),('2019-03-06 19:48:28','구절암(홍성)','A-020','아답터(12V2.5A)',0,1,'4,500',2,'','관리자','홍성 구절암 유지보수','9,000','요청'),('2019-03-11 20:13:27','칠장사(안성)','A-020','아답터(12V2.5A)',0,1,'4,500',1,'','관리자','안성 칠장사 유지보수','4,500','요청'),('2019-03-15 20:18:00','법화사(제주)','A-020','아답터(12V2.5A)',0,2,'4,500',1,'','관리자','제주 법화사 하자보수','4,500','요청'),('2019-03-21 20:18:25','심곡사','A-020','아답터(12V2.5A)',0,1,'4,500',2,'','관리자','익산 심곡사 유지보수','9,000','요청'),('2019-04-17 20:47:20','천축사(도봉)','A-020','아답터(12V2.5A)',0,1,'4,500',3,'','관리자','도봉 천축사 유지보수','13,500','요청'),('2019-01-11 18:38:03','광덕사(증평)','A-021','아답터(12V1.5A)',0,1,'4,500',2,'','관리자','증평 광덕사 유지보수','9,000','요청'),('2019-01-11 18:41:39','대련사','A-021','아답터(12V1.5A)',0,1,'4,500',4,'','관리자','예산 대련사 유지보수','18,000','요청'),('2019-01-21 19:28:40','봉국사(성남)','A-021','아답터(12V1.5A)',0,1,'4,500',4,'','관리자','성남 봉국사 유지보수','18,000','요청'),('2019-02-25 19:40:09','관음사','A-021','아답터(12V1.5A)',0,1,'4,500',2,'','관리자','강릉 관음사 유지보수','9,000','요청'),('2019-02-26 19:43:31','문수사(고창)','A-021','아답터(12V1.5A)',0,1,'4,500',7,'','관리자','고창 문수사 유지보수','31,500','요청'),('2019-03-25 20:19:48','연주암(과천)','A-021','아답터(12V1.5A)',0,1,'4,500',1,'','관리자','과천 연주암 유지보수','4,500','요청'),('2019-04-01 20:23:17','신흥사(이천)','A-021','아답터(12V1.5A)',0,1,'4,500',2,'','관리자','이천 신흥사 유지보수','9,000','요청'),('2019-04-08 20:25:55','문수사(고창)','A-021','아답터(12V1.5A)',0,2,'4,500',1,'','관리자','고창 문수사 하자보수','4,500','요청'),('2019-04-08 20:33:08','약수암(전주)','A-021','아답터(12V1.5A)',0,0,'4,500',2,'','관리자','전주 약수암 신규구축','9,000','요청'),('2019-04-09 20:42:08','망경암(성남)','A-021','아답터(12V1.5A)',0,2,'4,500',1,'','관리자','성남 망경암 하자보수','4,500','요청'),('2019-04-11 20:44:30','약수암(전주)','A-021','아답터(12V1.5A)',0,0,'4,500',5,'','관리자','전주 약수암 신규구축','22,500','요청'),('2019-04-22 20:54:17','서천사(평택)','A-021','아답터(12V1.5A)',0,0,'4,500',3,'','관리자','평택 서천사 신규구축','13,500','요청'),('2019-05-14 10:14:24','불갑사(영광)','A-021','아답터(12V1.5A)',0,1,'4,500',3,'옥정경','옥정경','(null)','13,500','승인'),('2019-05-24 10:51:51','미정(예비용품)','A-021','아답터(12V1.5A)',0,3,'4,500',4,'','옥정경','(null)','18,000','요청'),('2019-05-28 17:08:26','흥왕사(여주)','A-021','아답터(12V1.5A)',0,0,'4,500',16,'','옥정경','(null)','72,000','요청'),('2019-05-30 11:13:30','봉림사(화성)','A-021','아답터(12V1.5A)',0,0,'4,500',4,'','옥정경','(null)','18,000','요청'),('2019-01-07 18:25:13','심곡사','A-022','5포트허브',0,1,'8,200',1,'','관리자','익산 심곡사 유지보수 ','8,200','요청'),('2019-01-21 19:29:22','봉국사(성남)','A-022','5포트허브',0,1,'8,200',1,'','관리자','성남 봉국사 유지보수','8,200','요청'),('2019-02-12 19:33:04','삼천사','A-022','5포트허브',0,2,'8,200',1,'','관리자','은평 삼천사 하자보수','8,200','요청'),('2019-02-26 19:44:52','문수사(고창)','A-022','5포트허브',0,1,'8,200',1,'','관리자','고창 문수사 유지보수','8,200','요청'),('2019-03-04 19:46:57','미정(예비용품)','A-022','5포트허브',0,3,'8,200',1,'','관리자','예비품','8,200','요청'),('2019-03-06 19:47:59','구절암(홍성)','A-022','5포트허브',0,1,'8,200',1,'','관리자','홍성 구절암 유지보수','8,200','요청'),('2019-04-01 20:23:49','신흥사(이천)','A-022','5포트허브',0,1,'8,200',1,'','관리자','이천 신흥사 유지보수','8,200','요청'),('2019-04-08 20:26:47','문수사(김제)','A-022','5포트허브',0,1,'8,200',1,'','관리자','김제 문수사 유지보수','8,200','요청'),('2019-05-20 09:36:39','흥천사(성북)','A-022','5포트허브',0,1,'8,200',1,'서형수','서영인','(null)','8,200','승인'),('2019-02-25 19:41:13','관음사','A-023','8포트허브',0,0,'25,500',1,'','관리자','강릉 관음사 유지보수','25,500','요청'),('2019-03-04 19:46:20','미정(예비용품)','A-023','8포트허브',0,3,'25,500',1,'','관리자','예비품','25,500','요청'),('2019-03-06 19:47:23','구절암(홍성)','A-023','8포트허브',0,1,'25,500',1,'','관리자','홍성 구절암 유지보수','25,500','요청'),('2019-03-15 20:17:23','법화사(제주)','A-023','8포트허브',0,2,'25,500',1,'','관리자','제주 법화사 하자보수','25,500','요청'),('2019-04-01 20:22:38','신륵사','A-023','8포트허브',0,1,'25,500',1,'','관리자','여주 신륵사 유지보수','25,500','요청'),('2019-04-08 20:36:34','약수암(전주)','A-024','공유기',0,0,'14,100',1,'','관리자','전주 약수암 신규구축','14,100','요청'),('2019-04-18 20:47:48','약수암(전주)','A-024','공유기',0,0,'14,100',1,'','관리자','전주 약수암 vpn교체용','14,100','요청'),('2019-04-22 20:57:49','서천사(평택)','A-024','공유기',0,0,'14,100',1,'','관리자','평택 서천사 신규구축','14,100','요청'),('2019-05-28 17:08:26','흥왕사(여주)','A-024','공유기',0,0,'14,100',1,'','옥정경','(null)','14,100','요청'),('2019-05-30 11:13:30','봉림사(화성)','A-024','공유기',0,0,'14,100',1,'','옥정경','(null)','14,100','요청'),('2019-04-08 20:37:04','약수암(전주)','A-025','스피커',0,0,'3,000',1,'','관리자','전주 약수암 신규구축','3,000','요청'),('2019-04-22 20:58:14','서천사(평택)','A-025','스피커',0,0,'3,000',1,'','관리자','평택 서천사 신규구축','3,000','요청'),('2019-05-28 17:08:26','흥왕사(여주)','A-025','스피커',0,0,'3,000',1,'','옥정경','(null)','3,000','요청'),('2019-05-30 11:43:49','봉림사(화성)','A-025','스피커',0,0,'3,000',1,'','옥정경','(null)','3,000','요청'),('2019-04-08 20:37:34','약수암(전주)','A-026','안내표지판',0,0,'3,800',3,'','관리자','전주 약수암 신규구축','11,400','요청'),('2019-04-22 14:46:12','서천사(평택)','A-026','안내표지판',0,0,'3,800',2,'','옥정경','(null)','7,600','요청'),('2019-05-10 10:46:28','해광사(부산)','A-026','안내표지판',0,0,'3,800',2,'','옥정경','KB 자재판매','7,600','요청'),('2019-05-28 17:08:26','흥왕사(여주)','A-026','안내표지판',0,0,'3,800',5,'','옥정경','(null)','19,000','요청'),('2019-05-30 11:13:30','봉림사(화성)','A-026','안내표지판',0,0,'3,800',5,'','옥정경','(null)','19,000','요청'),('2019-04-25 21:01:03','심곡사','A-027','무선안테나',0,1,'350,000',1,'','관리자','익산 심곡사 유지보수','350,000','요청'),('2019-04-22 20:57:23','서천사(평택)','A-029','광모듈',0,0,'26,000',4,'','관리자','평택 서천사 신규구축','104,000','요청'),('2019-05-28 17:08:26','흥왕사(여주)','A-029','광모듈',0,0,'26,000',1,'','옥정경','(null)','26,000','요청'),('2019-05-28 17:08:26','흥왕사(여주)','A-031','L2광스위치(8포트)',0,0,'165,000',1,'','옥정경','(null)','165,000','요청'),('2019-01-11 18:41:13','광덕사(증평)','A-032','NVR서버',0,1,'1,583,000',1,'','관리자','증평 광덕사 유지보수','1,583,000','요청'),('2019-03-14 20:16:55','사나사(양평)','A-032','NVR서버',0,1,'290,000',1,'','관리자','양평 사나사 유지보수','290,000','요청'),('2019-04-12 20:44:56','약수암(전주)','A-032','NVR서버',0,0,'1,597,000',1,'','관리자','전주 약수암 신규구축','1,597,000','요청'),('2019-05-03 21:07:22','서천사(평택)','A-032','NVR서버',0,0,'1,944,000',1,'','관리자','평택 서천사 신규구축','1,944,000','요청'),('2019-05-10 10:24:56','해광사(부산)','A-032','NVR서버',0,0,'2,033,000',1,'','옥정경','KB 자재판매','2,033,000','요청'),('2019-04-12 20:45:22','약수암(전주)','A-033','지능형서버',0,0,'978,000',1,'','관리자','전주 약수암 신규구축','978,000','요청'),('2019-05-03 10:39:18','서천사(평택)','A-033','지능형서버',0,0,'984,000',1,'','옥정경','(null)','984,000','요청'),('2019-05-10 10:28:22','해광사(부산)','A-033','지능형서버',0,0,'1,004,000',1,'','옥정경','KB 자재판매','1,004,000','요청'),('2019-02-13 19:36:57','탑사(진안)','A-034','DVR',0,1,'350,000',1,'','관리자','진안 탑사 유지보수','350,000','요청'),('2019-01-10 18:32:21','정법사(성북)','A-035','삼성돔카메라',0,1,'140,000',10,'','관리자','성북 정법사 유지보수','1,400,000','요청'),('2019-01-10 18:32:49','정법사(성북)','A-036','삼성외곽카메라',0,1,'140,000',7,'','관리자','성북 정법사 유지보수','980,000','요청'),('2019-01-17 18:46:54','흥국사(남양주)','A-037','24인치모니터',0,1,'149,100',1,'','관리자','남양주 흥국사 유지보수','149,100','요청'),('2019-01-17 18:47:30','미정(예비용품)','A-038','43인치모니터',0,1,'464,600',1,'','관리자','남양주 흥국사 유지보수','464,600','요청'),('2019-03-07 20:08:33','불갑사(영광)','A-038','43인치모니터',0,0,'310,000',1,'','관리자','영광 불갑사 신규구축','310,000','요청'),('2019-01-17 18:48:01','흥국사(남양주)','A-039','벽부형브라켓',0,0,'10,300',1,'','관리자','남양주 흥국사 유지보수','10,300','요청'),('2019-03-07 20:09:26','불갑사(영광)','A-039','벽부형브라켓',0,0,'9,080',1,'','관리자','영광 불갑사 신규구축','9,080','요청'),('2019-02-01 19:32:38','봉국사(성남)','A-041','poe4포트허브',0,1,'43,000',1,'','관리자','성남 봉국사 유지보수','43,000','요청'),('2019-05-28 17:08:26','흥왕사(여주)','A-041','poe4포트허브',0,0,'21,800',3,'','옥정경','(null)','65,400','요청'),('2019-05-30 11:13:30','봉림사(화성)','A-041','poe4포트허브',0,0,'21,800',4,'','옥정경','(null)','87,200','요청'),('2019-01-11 18:42:06','광덕사(증평)','A-042','아이디스sw16ch',0,1,'600,000',1,'','관리자','증평 광덕사 유지보수','600,000','요청'),('2019-03-07 20:11:41','봉국사(성남)','A-043','아이디스sw32ch',0,1,'1,200,000',1,'','관리자','성남 봉국사 유지보수','1,200,000','요청'),('2019-05-03 21:08:07','서천사(평택)','A-043','아이디스sw32ch',0,0,'1,200,000',1,'','관리자','평택 서천사 신규구축','1,200,000','요청'),('2019-05-10 11:23:29','해광사(부산)','A-043','아이디스sw32ch',0,0,'1,200,000',1,'','옥정경','KB 자재판매','1,200,000','요청'),('2019-04-08 20:38:57','약수암(전주)','A-045','폴3M',0,0,'255,000',1,'','관리자','전주 약수암 신규구축','255,000','요청'),('2019-04-29 21:01:58','서천사(평택)','A-045','폴3M',0,0,'255,000',9,'','관리자','평택 서천사 신규구축','2,295,000','요청'),('2019-04-08 20:39:25','약수암(전주)','A-046','암대',0,0,'30,000',1,'','관리자','전주 약수암 신규구축','30,000','요청'),('2019-04-29 21:02:20','서천사(평택)','A-046','암대',0,0,'30,000',4,'','관리자','평택 서천사 신규구축','120,000','요청'),('2019-04-08 20:39:53','약수암(전주)','A-047','각도기',0,0,'10,000',1,'','관리자','전주 약수암 신규구축','10,000','요청'),('2019-04-29 21:02:52','서천사(평택)','A-047','각도기',0,0,'10,000',4,'','관리자','평택 서천사 신규구축','40,000','요청'),('2019-04-08 20:40:16','약수암(전주)','A-048','앙카캡',0,0,'3,000',1,'','관리자','전주 약수암 신규구축','3,000','요청'),('2019-04-29 21:03:14','서천사(평택)','A-048','앙카캡',0,0,'3,000',9,'','관리자','평택 서천사 신규구축','27,000','요청'),('2019-04-08 20:40:41','약수암(전주)','A-049','함체',0,0,'150,000',1,'','관리자','전주 약수암 신규구축','150,000','요청'),('2019-04-29 21:03:38','서천사(평택)','A-049','함체',0,0,'150,000',4,'','관리자','평택 서천사 신규구축','600,000','요청'),('2019-04-08 20:41:17','약수암(전주)','A-050','폴배송',0,0,'17,000',1,'','관리자','전주 약수암 신규구축','17,000','요청'),('2019-04-29 21:04:00','서천사(평택)','A-050','폴배송',0,0,'55,000',1,'','관리자','평택 서천사 신규구축','55,000','요청'),('2019-05-30 11:13:30','봉림사(화성)','A-052','분전반8채널',0,0,'6,500,000',1,'','옥정경','(null)','6,500,000','요청'),('2019-04-08 20:38:22','약수암(전주)','A-053','분전반10채널',0,0,'6,500,000',2,'','관리자','전주 약수암 신규구축','13,000,000','요청'),('2019-04-22 21:04:22','서천사(평택)','A-053','분전반10채널',0,0,'6,500,000',2,'','관리자','평택 서천사 신규구축','13,000,000','요청'),('2019-05-28 17:08:26','흥왕사(여주)','A-053','분전반10채널',0,0,'6,500,000',4,'','옥정경','(null)','26,000,000','요청'),('2019-05-30 11:13:30','봉림사(화성)','A-053','분전반10채널',0,0,'6,500,000',2,'','옥정경','(null)','13,000,000','요청'),('2019-04-22 21:04:55','서천사(평택)','A-054','분전반12채널',0,0,'6,500,000',1,'','관리자','평택 서천사 신규구축','6,500,000','요청'),('2019-05-30 11:13:30','봉림사(화성)','A-054','분전반12채널',0,0,'6,500,000',1,'','옥정경','(null)','6,500,000','요청'),('2019-01-17 18:48:33','흥국사(남양주)','A-059','HDMI-IP리피터',0,1,'176,000',1,'','관리자','남양주 흥국사 유지보수','176,000','요청'),('2019-01-17 18:49:37','흥국사(남양주)','A-060','HDMI리피터',0,1,'60,000',1,'','관리자','남양주 흥국사 유지보수','60,000','요청'),('2019-03-07 20:10:14','불갑사(영광)','A-060','HDMI리피터',0,0,'57,870',1,'','관리자','영광 불갑사 신규구축','57,870','요청'),('2019-01-14 18:43:42','대련사','A-061','잡자재',0,1,'95,000',1,'','관리자','예산 대련사 유지보수','95,000','요청'),('2019-01-15 18:46:24','묘적사(남양주)','A-061','잡자재',0,1,'28,000',1,'','관리자','남양주 묘적사 유지보수','28,000','요청'),('2019-01-22 19:29:54','삼성암','A-061','잡자재',0,2,'84,000',1,'','관리자','강북 삼성암 하자보수','84,000','요청'),('2019-01-23 19:30:38','상운사(고양)','A-061','잡자재',0,1,'16,000',1,'','관리자','고양 상운사 유지보수','16,000','요청'),('2019-01-23 19:31:07','노적사(고양)','A-061','잡자재',0,1,'44,500',1,'','관리자','고양 노적사 유지보수','44,500','요청'),('2019-01-28 19:32:08','장락사(제천)','A-061','잡자재',0,1,'4,500',1,'','관리자','제천 장락사 유지보수','4,500','요청'),('2019-02-18 19:37:22','구절암(홍성)','A-061','잡자재',0,1,'98,000',1,'','관리자','홍성 구절암 유지보수','98,000','요청'),('2019-02-18 19:38:09','정법사(성북)','A-061','잡자재',0,1,'13,000',1,'','관리자','성북 정법사 유지보수','13,000','요청'),('2019-02-19 19:38:50','화방사','A-061','잡자재',0,1,'83,200',1,'','관리자','강진 화방사 유지보수','83,200','요청'),('2019-02-21 19:39:30','문수사(고창)','A-061','잡자재',0,1,'131,870',1,'','관리자','고창 문수사 유지보수','131,870','요청'),('2019-02-28 19:45:24','문수사(고창)','A-061','잡자재',0,1,'52,500',1,'','관리자','고창 문수사 유지보수','52,500','요청'),('2019-03-07 20:11:03','불갑사(영광)','A-061','잡자재',0,0,'19,000',1,'','관리자','영광 불갑사 신규구축','19,000','요청'),('2019-03-12 20:14:55','장락사(제천)','A-061','잡자재',0,0,'65,000',1,'','관리자','제천 장락사 유지보수','65,000','요청'),('2019-03-12 20:15:21','청련사','A-061','잡자재',0,1,'17,273',1,'','관리자','강화 청련사 유지보수','17,273','요청'),('2019-03-22 20:18:52','관음사','A-061','잡자재',0,1,'36,400',1,'','관리자','강릉 관음사 유지보수','36,400','요청'),('2019-03-26 20:20:19','내원암(남양주)','A-061','잡자재',0,1,'121,973',1,'','관리자','남양주 내원암 유지보수','121,973','요청'),('2019-03-28 20:20:49','금지암(부여)','A-061','잡자재',0,1,'13,273',1,'','관리자','부여 금지암 유지보수','13,273','요청'),('2019-04-01 20:24:33','법성사(강서)','A-061','잡자재',0,1,'13,637',1,'','관리자','강서 법성사 유지보수','13,637','요청'),('2019-04-09 20:43:16','망경암(성남)','A-061','잡자재',0,2,'80,000',1,'','관리자','성남 망경암 하자보수','80,000','요청'),('2019-04-16 20:46:27','봉서사(완주)','A-061','잡자재',0,1,'62,000',1,'','관리자','완주 봉서사 유지보수','62,000','요청'),('2019-04-22 20:48:42','연주암(과천)','A-061','잡자재',0,1,'31,355',1,'','옥정경','과천 연주암 유지보수','31,355','요청'),('2019-04-24 20:59:43','약수암(전주)','A-061','잡자재',0,0,'13,909',1,'','관리자','전주 약수암 신규구축','13,909','요청'),('2019-04-24 21:00:06','이천보(가평)','A-061','잡자재',0,1,'15,000',1,'','관리자','가평 이천보 유지보수','15,000','요청'),('2019-04-29 21:01:32','신흥사(이천)','A-061','잡자재',0,1,'29,000',4,'','관리자','이천 신흥사 유지보수','116,000','요청'),('2019-05-03 21:06:06','서천사(평택)','A-061','잡자재',0,0,'224,400',1,'','관리자','평택 서천사 신규구축','224,400','요청'),('2019-05-03 21:06:32','서천사(평택)','A-061','잡자재',0,0,'190,900',1,'','관리자','평택 서천사 신규구축','190,900','요청'),('2019-05-10 17:39:03','서천사(평택)','A-061','잡자재',0,0,'3,200',2,'','옥정경','(null)','6,400','요청'),('2019-05-16 10:59:41','수도사(평택)','A-061','잡자재',0,1,'23,000',1,'','옥정경','(null)','23,000','요청'),('2019-05-28 09:41:38','유지보수(예비품)','A-061','잡자재',0,0,'77,327',1,'','옥정경','(null)','77,327','요청'),('2019-03-07 20:12:12','문수사(고창)','A-062','그래픽카드',0,0,'220,000',1,'','관리자','고창 문수사 유지보수','220,000','요청'),('2019-03-29 20:21:44','일선사(종로)','A-063','HDD',0,1,'255,000',1,'','관리자','종로 일선사 유지보수','255,000','요청'),('2019-05-20 18:50:00','상원사(춘천)','A-063','HDD',0,1,'255,000',1,'옥정경','이성학','(null)','255,000','승인'),('2019-03-29 20:22:14','일선사(종로)','A-064','RAM',0,0,'65,000',1,'','관리자','종로 일선사 유지보수','65,000','요청'),('2019-03-06 19:49:41','불갑사(영광)','A-065','NVR16CH',0,0,'1,050,000',1,'','관리자','영광 불갑사 신규구축','1,050,000','요청'),('2019-04-08 20:37:54','약수암(전주)','A-067','Poe8포트허브',0,0,'31,820',3,'','관리자','전주 약수암 신규구축','95,460','요청'),('2019-04-22 20:58:59','서천사(평택)','A-067','Poe8포트허브',0,0,'31,820',7,'','관리자','평택 서천사 신규구축','222,740','요청'),('2019-05-28 17:08:26','흥왕사(여주)','A-067','Poe8포트허브',0,0,'31,800',2,'','옥정경','(null)','63,600','요청'),('2019-05-30 11:13:30','봉림사(화성)','A-067','Poe8포트허브',0,0,'31,800',2,'','옥정경','(null)','63,600','요청'),('2019-03-06 20:02:32','불갑사(영광)','A-068','전력공급장치',0,0,'120,000',1,'','관리자','영광 불갑사 신규구축','120,000','요청'),('2019-03-06 19:50:23','불갑사(영광)','A-069','Poe스위치',0,0,'470,000',1,'','관리자','영광 불갑사 신규구축','470,000','요청'),('2019-04-11 20:43:47','약수암(전주)','A-070','카메라투광등',0,0,'40,000',5,'','관리자','전주 약수암 신규구축','200,000','요청'),('2019-05-28 17:00:18','흥왕사(여주)','A-070','카메라투광기',0,0,'40,000',3,'','옥정경','(null)','120,000','요청'),('2019-04-22 20:59:19','서천사(평택)','A-071','POE인젝터',0,0,'7,720',1,'','관리자','평택 서천사 신규구축','7,720','요청'),('2019-05-03 21:06:56','서천사(평택)','A-071','POE인젝터',0,0,'7,720',4,'','관리자','평택 서천사 신규구축','30,880','요청'),('2019-05-27 09:17:01','불갑사(영광)','A-071','POE인젝터',0,1,'7,730',2,'옥정경','옥정경','(null)','15,460','승인'),('2019-05-28 16:51:52','흥왕사(여주)','A-072','32인치모니터',0,0,'213,650',2,'','옥정경','(null)','427,300','요청'),('2019-05-30 11:28:30','봉림사(화성)','A-072','32인치모니터',0,0,'213,650',1,'','옥정경','(null)','213,650','요청'),('2019-05-27 09:50:41','불갑사(영광)','A-073','L2스위치(POE24400W)',0,1,'470,000',1,'옥정경','옥정경','(null)','470,000','승인'),('2019-05-30 11:13:30','봉림사(화성)','A-075','분전반12채널(3상)',0,0,'6,500,000',1,'','옥정경','(null)','6,500,000','요청');
/*!40000 ALTER TABLE `h_release` ENABLE KEYS */;
UNLOCK TABLES;

--
-- Table structure for table `h_repair`
--

DROP TABLE IF EXISTS `h_repair`;
/*!40101 SET @saved_cs_client     = @@character_set_client */;
/*!40101 SET character_set_client = utf8 */;
CREATE TABLE `h_repair` (
  `REG_DATE` datetime NOT NULL,
  `SITE_ID` char(50) DEFAULT NULL,
  `ITEM_CODE` char(50) NOT NULL,
  `ITEM_NAME` char(50) NOT NULL,
  `ITEM_KIND` int(1) unsigned NOT NULL,
  `REPAIR_COUNT` int(11) unsigned NOT NULL,
  `COMPLETE_COUNT` int(11) unsigned NOT NULL DEFAULT '0',
  `DESTROY_COUNT` int(11) unsigned NOT NULL DEFAULT '0',
  `REST_COUNT` int(11) unsigned NOT NULL DEFAULT '0',
  `REPAIR_COST` varchar(50) NOT NULL,
  `REPAIR_SHOP` varchar(50) NOT NULL,
  `PHONE` varchar(150) NOT NULL,
  `REPAIR_DESCRIPTION` varchar(300) NOT NULL,
  `STATE` varchar(50) NOT NULL,
  PRIMARY KEY (`REG_DATE`,`ITEM_CODE`)
) ENGINE=InnoDB DEFAULT CHARSET=utf8;
/*!40101 SET character_set_client = @saved_cs_client */;

--
-- Dumping data for table `h_repair`
--

LOCK TABLES `h_repair` WRITE;
/*!40000 ALTER TABLE `h_repair` DISABLE KEYS */;
/*!40000 ALTER TABLE `h_repair` ENABLE KEYS */;
UNLOCK TABLES;

--
-- Table structure for table `h_usage`
--

DROP TABLE IF EXISTS `h_usage`;
/*!40101 SET @saved_cs_client     = @@character_set_client */;
/*!40101 SET character_set_client = utf8 */;
CREATE TABLE `h_usage` (
  `RELEASE_DATE` datetime NOT NULL,
  `RETURN_DATE` datetime DEFAULT NULL,
  `SITE_ID` char(50) DEFAULT NULL,
  `RETURN_USER_ID` varchar(50) NOT NULL,
  `ITEM_CODE` char(50) NOT NULL,
  `ITEM_NAME` char(50) NOT NULL,
  `ITEM_KIND` varchar(50) NOT NULL,
  `RELEASE_UNIT_COUNT` int(11) unsigned DEFAULT NULL,
  `USE_COUNT` int(11) unsigned DEFAULT NULL,
  `REPAIR_COUNT` int(11) unsigned DEFAULT NULL,
  `REPLACE_COUNT` int(11) unsigned DEFAULT NULL,
  `RETURN_COUNT` int(11) unsigned DEFAULT NULL,
  `USER_ID` varchar(50) NOT NULL,
  `STATE` varchar(50) NOT NULL,
  `DESTINATION` varchar(50) NOT NULL,
  PRIMARY KEY (`RELEASE_DATE`,`ITEM_CODE`)
) ENGINE=InnoDB DEFAULT CHARSET=utf8;
/*!40101 SET character_set_client = @saved_cs_client */;

--
-- Dumping data for table `h_usage`
--

LOCK TABLES `h_usage` WRITE;
/*!40000 ALTER TABLE `h_usage` DISABLE KEYS */;
INSERT INTO `h_usage` VALUES ('2019-05-14 10:10:16','2019-05-28 09:29:01','불갑사(영광)','옥정경','A-001','적외선IP외곽카메라','새상품',1,0,0,0,1,'','요청','유지보수'),('2019-05-14 10:12:05','2019-05-28 09:29:19','불갑사(영광)','옥정경','A-002','적외선IP돔카메라','새상품',1,0,0,0,1,'옥정경','확인','유지보수'),('2019-05-14 10:14:24','2019-05-28 09:28:16','불갑사(영광)','옥정경','A-021','아답터(12V1.5A)','새상품',3,1,0,0,2,'옥정경','확인','유지보수'),('2019-05-20 09:36:39','2019-05-24 10:41:01','흥천사(성북)','서영인','A-022','5포트허브','새상품',1,0,0,0,1,'옥정경','확인','유지보수'),('2019-05-20 18:50:00','2019-05-28 15:30:04','상원사(춘천)','이성학','A-063','HDD','새상품',1,1,0,0,0,'옥정경','확인','유지보수'),('2019-05-21 18:46:43','2019-05-28 09:33:30','구절암(홍성)','서영인','A-001','적외선IP외곽카메라','새상품',1,1,0,0,0,'옥정경','확인','유지보수'),('2019-05-24 10:43:21',NULL,'관음사(강릉)','옥정경','A-001','적외선IP외곽카메라','새상품',2,0,0,0,0,'','대기','유지보수'),('2019-05-27 09:17:01','2019-06-27 15:49:26','불갑사(영광)','옥정경','A-071','POE인젝터','새상품',2,0,0,0,2,'옥정경','확인','유지보수'),('2019-05-27 09:50:41','2019-06-03 15:50:09','불갑사(영광)','옥정경','A-073','L2스위치(POE24400W)','새상품',1,0,0,1,0,'옥정경','확인','유지보수'),('2019-05-27 18:19:31','2019-06-27 15:48:19','불갑사(영광)','이근','A-002','적외선IP돔카메라','새상품',1,1,0,0,0,'옥정경','확인','유지보수');
/*!40000 ALTER TABLE `h_usage` ENABLE KEYS */;
UNLOCK TABLES;

--
-- Table structure for table `m_item`
--

DROP TABLE IF EXISTS `m_item`;
/*!40101 SET @saved_cs_client     = @@character_set_client */;
/*!40101 SET character_set_client = utf8 */;
CREATE TABLE `m_item` (
  `ITEM_CODE` char(50) NOT NULL,
  `ITEM_NAME` varchar(300) NOT NULL,
  `MODEL_NUMBER` varchar(300) NOT NULL DEFAULT '',
  `MODEL_NAME` varchar(300) NOT NULL DEFAULT '',
  `ITEM_DESCRIPTION` varchar(300) NOT NULL DEFAULT '',
  `USE_YN` int(1) unsigned zerofill NOT NULL COMMENT '0:N, 1:Y',
  PRIMARY KEY (`ITEM_CODE`)
) ENGINE=InnoDB DEFAULT CHARSET=utf8;
/*!40101 SET character_set_client = @saved_cs_client */;

--
-- Dumping data for table `m_item`
--

LOCK TABLES `m_item` WRITE;
/*!40000 ALTER TABLE `m_item` DISABLE KEYS */;
INSERT INTO `m_item` VALUES ('A-001','적외선IP외곽카메라','(null)','(null)','(null)',1),('A-002','적외선IP돔카메라','(null)','(null)','(null)',1),('A-003','40M적외선IP외곽카메라','(null)','(null)','(null)',1),('A-004','돔브라켓','(null)','(null)','(null)',1),('A-005','싸이렌경광등','(null)','(null)','(null)',1),('A-006','투광등','(null)','(null)','(null)',1),('A-007','재실감지기','(null)','(null)','(null)',1),('A-008','L2스위치(넷기어)','(null)','(null)','(null)',1),('A-009','L2스위치(솔텍)','(null)','(null)','(null)',1),('A-010','광컨버터싱글100메가','(null)','(null)','(null)',1),('A-011','광컨버터싱글기가','(null)','(null)','(null)',1),('A-012','UPS','(null)','(null)','(null)',1),('A-013','렉','(null)','(null)','(null)',1),('A-014','불꽃감지기','(null)','(null)','(null)',1),('A-015','49인치모니터','(null)','(null)','(null)',1),('A-016','22인치터치모니터','(null)','(null)','(null)',1),('A-017','복합디텍터','(null)','(null)','(null)',1),('A-018','전각출입표시기','(null)','(null)','(null)',1),('A-019','아답터(24V1A)','(null)','(null)','(null)',1),('A-020','아답터(12V2.5A)','(null)','(null)','(null)',1),('A-021','아답터(12V1.5A)','(null)','(null)','(null)',1),('A-022','5포트허브','(null)','(null)','(null)',1),('A-023','8포트허브','(null)','(null)','(null)',1),('A-024','공유기','(null)','(null)','(null)',1),('A-025','스피커','(null)','(null)','(null)',1),('A-026','안내표지판','(null)','(null)','(null)',1),('A-027','무선안테나','(null)','(null)','(null)',1),('A-028','적외선외곽카메라','MNC328BRZ','(null)','(null)',1),('A-029','광모듈','(null)','(null)','(null)',1),('A-030','분전반통신모듈','(null)','(null)','(null)',1),('A-031','L2광스위치(8포트)','(null)','(null)','(null)',1),('A-032','NVR서버','(null)','(null)','(null)',1),('A-033','지능형서버','(null)','(null)','(null)',1),('A-034','DVR','(null)','(null)','(null)',1),('A-035','삼성돔카메라','(null)','(null)','(null)',1),('A-036','삼성외곽카메라','(null)','(null)','(null)',1),('A-037','24인치모니터','(null)','(null)','(null)',1),('A-038','43인치모니터','(null)','(null)','(null)',1),('A-039','벽부형브라켓','(null)','(null)','(null)',1),('A-040','스탠드형브라켓','(null)','(null)','(null)',1),('A-041','poe4포트허브','(null)','(null)','(null)',1),('A-042','아이디스sw16ch','(null)','(null)','(null)',1),('A-043','아이디스sw32ch','(null)','(null)','(null)',1),('A-044','키브sw','(null)','(null)','(null)',1),('A-045','폴3M','(null)','(null)','(null)',1),('A-046','암대','(null)','(null)','(null)',1),('A-047','각도기','(null)','(null)','(null)',1),('A-048','앙카캡','(null)','(null)','(null)',1),('A-049','함체','(null)','(null)','(null)',1),('A-050','폴배송','(null)','(null)','(null)',1),('A-051','분전반4채널','(null)','(null)','(null)',1),('A-052','분전반8채널','(null)','(null)','(null)',1),('A-053','분전반10채널','(null)','(null)','(null)',1),('A-054','분전반12채널','(null)','(null)','(null)',1),('A-055','분전반14채널','(null)','(null)','(null)',1),('A-056','분전반16채널','(null)','(null)','(null)',1),('A-057','분전반20채널','(null)','(null)','(null)',1),('A-058','분전반24채널','(null)','(null)','(null)',1),('A-059','HDMI-IP리피터','(null)','(null)','(null)',1),('A-060','HDMI리피터','(null)','(null)','(null)',1),('A-061','잡자재','(null)','(null)','(null)',1),('A-062','그래픽카드','(null)','(null)','(null)',1),('A-063','HDD','(null)','(null)','(null)',1),('A-064','RAM','(null)','(null)','(null)',1),('A-065','NVR16CH','(null)','(null)','(null)',1),('A-066','22인치모니터','(null)','(null)','(null)',1),('A-067','Poe8포트허브','(null)','(null)','(null)',1),('A-068','전력공급장치','(null)','(null)','(null)',1),('A-069','Poe스위치','(null)','(null)','(null)',1),('A-070','카메라투광기','TD-IR08','(null)','(null)',1),('A-071','POE인젝터','(null)','(null)','(null)',1),('A-072','32인치모니터','(null)','(null)','(null)',1),('A-073','L2스위치(POE24400W)','(null)','(null)','(null)',1),('A-074','test','(null)','(null)','(null)',1),('A-075','분전반12채널(3상)','(null)','(null)','(null)',1);
/*!40000 ALTER TABLE `m_item` ENABLE KEYS */;
UNLOCK TABLES;

--
-- Table structure for table `m_site`
--

DROP TABLE IF EXISTS `m_site`;
/*!40101 SET @saved_cs_client     = @@character_set_client */;
/*!40101 SET character_set_client = utf8 */;
CREATE TABLE `m_site` (
  `SITE_ID` char(50) NOT NULL,
  `SITE_NAME` varchar(100) NOT NULL,
  `SITE_KIND` varchar(150) DEFAULT NULL COMMENT '0:사용안함, 1:조계종, 2:태고종',
  `PHONE` varchar(150) DEFAULT NULL,
  `ADDRESS` varchar(300) DEFAULT NULL,
  `URL` varchar(300) DEFAULT NULL,
  `NOTICE` varchar(300) DEFAULT NULL,
  PRIMARY KEY (`SITE_ID`)
) ENGINE=InnoDB DEFAULT CHARSET=utf8;
/*!40101 SET character_set_client = @saved_cs_client */;

--
-- Dumping data for table `m_site`
--

LOCK TABLES `m_site` WRITE;
/*!40000 ALTER TABLE `m_site` DISABLE KEYS */;
INSERT INTO `m_site` VALUES ('T-00000002','학림사(노원)','(null)','(null)','(null)','nhakrimsa.mooo.com','(null)'),('T-00000003','미타사(성북)','(null)','(null)','(null)','smitasa.mooo.com','(null)'),('T-00000004','내원사(성북)','(null)','(null)','(null)','naewonsa.mooo.com','(null)'),('T-00000005','삼성암(강북)','(null)','(null)','(null)','samseongam.mooo.com','(null)'),('T-00000006','안양암(종로)','(null)','(null)','(null)','anyangam.mooo.com','(null)'),('T-00000007','삼천사(은평)','(null)','(null)','(null)','samcheonsa.mooo.com','(null)'),('T-00000008','용주사(화성)','(null)','(null)','(null)','yongjoosa.mooo.com','(null)'),('T-00000009','염불사(안양)','(null)','(null)','(null)','yeombulsa.mooo.com','(null)'),('T-00000010','약사사(성남)','(null)','(null)','(null)','syaksasa.mooo.com','(null)'),('T-00000011','약사사(평택)','(null)','(null)','(null)','pyaksasa.mooo.com','(null)'),('T-00000012','만기사(평택)','(null)','(null)','(null)','mangisa.mooo.com','(null)'),('T-00000013','봉성암(고양)','(null)','(null)','(null)','bongseongam.mooo.com','(null)'),('T-00000014','백련암(용인)','(null)','(null)','(null)','baekryeonam.mooo.com','(null)'),('T-00000015','쌍계사(안산)','(null)','(null)','(null)','ssanggyesa.mooo.com','(null)'),('T-00000016','청계사(의왕)','(null)','(null)','(null)','cheonggyesa.mooo.com','(null)'),('T-00000017','용화사(안성)','(null)','(null)','(null)','yonghwasa.mooo.com','(null)'),('T-00000018','신륵사(여주)','(null)','(null)','(null)','silleuksa.mooo.com','(null)'),('T-00000019','보문사(원주)','(null)','(null)','(null)','wbomunsa.mooo.com','(null)'),('T-00000020','영혈사(양양)','(null)','(null)','(null)','yeonghyeolsa.mooo.com','(null)'),('T-00000021','극락암(고성)','(null)','(null)','(null)','ggeukragam.mooo.com','(null)'),('T-00000022','법륜사(예산)','(null)','(null)','(null)','beopryunsa.mooo.com','(null)'),('T-00000023','대련사(예산)','(null)','(null)','(null)','daeryeonsa.mooo.com','(null)'),('T-00000024','정암사(홍성)','(null)','(null)','(null)','jeongamsa.mooo.com','(null)'),('T-00000025','복전선원(대전)','(null)','(null)','(null)','bokjeonseonwon.mooo.com','(null)'),('T-00000026','영축선원(영동)','(null)','(null)','(null)','yeongchukseonwon.mooo.com','(null)'),('T-00000027','복천암(보은)','(null)','(null)','(null)','bokcheonam.mooo.com','(null)'),('T-00000028','청량사(부산)','(null)','(null)','(null)','cheongnyangsa.mooo.com','(null)'),('T-00000029','묘심사(부산)','(null)','051-467-2390','(null)','myosimsa.mooo.com','(null)'),('T-00000030','마하사(부산)','(null)','(null)','(null)','mahasa.mooo.com','(null)'),('T-00000031','척판암(부산)','(null)','(null)','(null)','cheokpanam.mooo.com','(null)'),('T-00000032','봉황사(안동)','(null)','(null)','(null)','bonghwangsa.mooo.com','(null)'),('T-00000033','청련사(창녕)','(null)','(null)','(null)','cheongryeonsa.mooo.com','(null)'),('T-00000034','원효암(함안)','(null)','(null)','(null)','wonhyoam.mooo.com','(null)'),('T-00000035','유학사(의령)','(null)','(null)','(null)','uhaksa.mooo.com','(null)'),('T-00000036','칠성사(하동)','(null)','(null)','(null)','chilseongsa.mooo.com','(null)'),('T-00000037','심적정사(산청)','(null)','(null)','(null)','simjeokjeongsa.mooo.com','(null)'),('T-00000038','정취암(산청)','(null)','(null)','(null)','jeongchwiam.mooo.com','(null)'),('T-00000039','석골사(밀양)','(null)','(null)','(null)','seokgolsa.mooo.com','(null)'),('T-00000040','운흥사(경남고성)','(null)','(null)','(null)','unheungsa.mooo.com','(null)'),('T-00000041','불곡사(창원)','(null)','(null)','(null)','bulgoksa.mooo.com','(null)'),('T-00000042','연수사(거창)','(null)','(null)','(null)','yeonsusa.mooo.com','(null)'),('T-00000043','금곡사(강진)','(null)','061-433-3407','(null)','kumgoksa.mooo.com','(null)'),('T-00000044','법천사(무안)','(null)','(null)','(null)','mbeopcheonsa.mooo.com','(null)'),('T-00000045','석천사(여수)','(null)','(null)','(null)','seokcheonsa.mooo.com','(null)'),('T-00000046','달성사(목포)','(null)','(null)','(null)','dalseongsa.mooo.com','(null)'),('T-00000047','화방사(강진)','(null)','(null)','(null)','hwabangsa.mooo.com','(null)'),('T-00000048','학림사(완주)','(null)','063-262-3308','(null)','hakrimsa.mooo.com','(null)'),('T-00000049','극락암(남원)','(null)','(null)','(null)','geukragam.mooo.com','(null)'),('T-00000050','심곡사(익산)','(null)','(null)','(null)','simgoksa.mooo.com','(null)'),('T-00000051','덕음암(남원)','(null)','(null)','(null)','deokeumam.mooo.com','(null)'),('T-00000052','향산사(무주)','(null)','(null)','(null)','hyangsansa.mooo.com','(null)'),('T-00000053','관음사(제주)','(null)','(null)','(null)','jgwaneumsa.mooo.com','(null)'),('T-00000054','선광사(제주)','(null)','(null)','(null)','seongwangsa.mooo.com','(null)'),('T-00000055','월정사(제주)','(null)','(null)','(null)','woljeongsa.mooo.com','(null)'),('T-00000056','정법사(성북)','(null)','(null)','(null)','(null)','(null)'),('T-00000057','광덕사(증평)','(null)','(null)','(null)','(null)','(null)'),('T-00000058','묘적사(남양주)','(null)','(null)','(null)','(null)','(null)'),('T-00000059','흥국사(남양주)','(null)','(null)','(null)','(null)','(null)'),('T-00000060','상운사(고양)','(null)','(null)','(null)','(null)','(null)'),('T-00000061','노적사(고양)','(null)','(null)','(null)','(null)','(null)'),('T-00000062','봉국사(성남)','(null)','(null)','(null)','(null)','(null)'),('T-00000063','장락사(제천)','(null)','(null)','(null)','(null)','(null)'),('T-00000064','탑사(진안)','(null)','(null)','(null)','(null)','(null)'),('T-00000065','구절암(홍성)','(null)','(null)','(null)','(null)','(null)'),('T-00000066','문수사(고창)','(null)','(null)','(null)','(null)','(null)'),('T-00000067','불갑사(영광)','(null)','(null)','(null)','(null)','(null)'),('T-00000068','옥천암(서대문)','(null)','(null)','(null)','(null)','(null)'),('T-00000069','사나사(양평)','(null)','(null)','(null)','(null)','(null)'),('T-00000070','법화사(제주)','(null)','(null)','(null)','(null)','(null)'),('T-00000071','내원암(남양주)','(null)','(null)','(null)','(null)','(null)'),('T-00000072','금지암(부여)','(null)','(null)','(null)','(null)','(null)'),('T-00000073','법성사(강서)','(null)','(null)','(null)','(null)','(null)'),('T-00000074','약수암(전주)','(null)','(null)','(null)','(null)','(null)'),('T-00000075','백련암(의령)','(null)','(null)','(null)','(null)','(null)'),('T-00000076','서천사(평택)','(null)','(null)','(null)','(null)','(null)'),('T-00000077','망경암(성남)','(null)','(null)','(null)','(null)','(null)'),('T-00000078','봉서사(완주)','(null)','(null)','(null)','(null)','(null)'),('T-00000079','연주암(과천)','(null)','(null)','(null)','(null)','(null)'),('T-00000080','이천보(가평)','(null)','(null)','(null)','(null)','(null)'),('T-00000081','신흥사(이천)','(null)','(null)','(null)','(null)','(null)'),('T-00000082','해광사(부산)','(null)','(null)','(null)','(null)','(null)'),('T-00000083','보덕사(제주)','(null)','(null)','(null)','(null)','(null)'),('T-00000084','칠장사(안성)','(null)','(null)','(null)','(null)','(null)'),('T-00000085','심복사(평택)','(null)','(null)','(null)','(null)','(null)'),('T-00000086','일선사(종로)','(null)','(null)','(null)','(null)','(null)'),('T-00000087','문수사(김제)','(null)','(null)','(null)','(null)','(null)'),('T-00000088','천축사(도봉)','(null)','(null)','(null)','(null)','(null)'),('T-00000089','수리사(군포)','(null)','(null)','(null)','(null)','(null)'),('T-00000090','영원사(이천)','(null)','(null)','(null)','(null)','(null)'),('T-00000091','봉림사(화성)','(null)','(null)','(null)','(null)','(null)'),('T-00000092','흥황사(여주)','(null)','(null)','(null)','(null)','(null)'),('T-00000093','흥왕사(여주)','(null)','(null)','(null)','(null)','(null)'),('T-00000094','수도사(평택)','(null)','(null)','(null)','(null)','(null)'),('T-00000095','보문사(성북)','(null)','(null)','(null)','(null)','(null)'),('T-00000096','흥천사(성북)','(null)','(null)','(null)','(null)','(null)'),('T-00000097','상원사(춘천)','(null)','(null)','(null)','(null)','(null)'),('T-00000098','유지보수(예비품)','(null)','(null)','(null)','(null)','(null)'),('T-00000099','관음사(강릉)','(null)','(null)','(null)','(null)','(null)'),('T-00000100','천은사(삼척)','(null)','(null)','(null)','(null)','(null)'),('T-00000101','복천사(제천)','(null)','(null)','(null)','(null)','(null)'),('T-00000102','신규구축(예비품)','(null)','(null)','(null)','(null)','(null)');
/*!40000 ALTER TABLE `m_site` ENABLE KEYS */;
UNLOCK TABLES;

--
-- Table structure for table `m_user`
--

DROP TABLE IF EXISTS `m_user`;
/*!40101 SET @saved_cs_client     = @@character_set_client */;
/*!40101 SET character_set_client = utf8 */;
CREATE TABLE `m_user` (
  `USER_ID` varchar(50) NOT NULL,
  `PASSWORD` varchar(50) NOT NULL,
  `NAME` varchar(50) NOT NULL,
  `GRADE` varchar(50) DEFAULT NULL,
  `DEPARTMENT` varchar(50) NOT NULL COMMENT '0:관리, 1:방재사업, 2:연구소',
  `PHONE` varchar(100) DEFAULT NULL,
  `ADDRESS` varchar(100) DEFAULT NULL,
  `EMAIL` varchar(100) DEFAULT NULL,
  `AUTHORITY` int(11) NOT NULL COMMENT '0:사용자, 1:관리자',
  PRIMARY KEY (`USER_ID`)
) ENGINE=InnoDB DEFAULT CHARSET=utf8;
/*!40101 SET character_set_client = @saved_cs_client */;

--
-- Dumping data for table `m_user`
--

LOCK TABLES `m_user` WRITE;
/*!40000 ALTER TABLE `m_user` DISABLE KEYS */;
INSERT INTO `m_user` VALUES ('hak465','1234','이성학','대리','기술지원팀','01073887459','(null)','hak465@marusolution.com',0),('leekeun93','rmsdlrms12','이근','사원','기술지원팀','01080093010','(null)','leekeun93@marusolution.com',0),('maru','maru1004','서형수','이사','경영지원부','01035161023','(null)','hyeungsoo@marusolution.com',1),('maru3017','jkjh0401','옥정경','차장','경영지원부','01044663017','(null)','modu3017@marusolution.com',1),('modu','modu1004','일반','사원','기술연구소','(null)','(null)','modu@marusolution.com',0),('syi8876','tjduddls','서영인','사원','기술지원팀','01044128872','(null)','syi8876@marusolution.com',0);
/*!40000 ALTER TABLE `m_user` ENABLE KEYS */;
UNLOCK TABLES;
/*!40103 SET TIME_ZONE=@OLD_TIME_ZONE */;

/*!40101 SET SQL_MODE=@OLD_SQL_MODE */;
/*!40014 SET FOREIGN_KEY_CHECKS=@OLD_FOREIGN_KEY_CHECKS */;
/*!40014 SET UNIQUE_CHECKS=@OLD_UNIQUE_CHECKS */;
/*!40101 SET CHARACTER_SET_CLIENT=@OLD_CHARACTER_SET_CLIENT */;
/*!40101 SET CHARACTER_SET_RESULTS=@OLD_CHARACTER_SET_RESULTS */;
/*!40101 SET COLLATION_CONNECTION=@OLD_COLLATION_CONNECTION */;
/*!40111 SET SQL_NOTES=@OLD_SQL_NOTES */;

-- Dump completed on 2019-06-03 17:14:46
